Transport_Mode,Commute_Distance_km,Income_k,Age
Car,15.607064635047138,120.99158351148272,62
Public Transit,38.07785794998673,32.95042997505618,50
Car,29.5477637306448,32.65482618347967,46
Car,24.347680883684426,68.83322629794495,30
Car,7.084726977255024,88.63718284855989,57
Car,7.0837862931119036,122.44889013693519,24
Bicycle,3.265260874559779,111.99544519278062,27
Car,34.78086968522247,83.5083247652098,53
Car,24.443485457985144,62.83519995379991,31
Car,28.614830534045772,149.65494001892534,57
Car,1.8027952775362954,81.14175626831675,20
Car,38.82648423431778,84.16644291956106,50
Public Transit,33.46526299121645,49.634858543000306,23
Car,9.28122531645277,125.37714584999152,64
Car,8.091173721076924,113.24186709377864,24
Car,8.152775884283919,56.492353534651244,49
Car,12.865447475421972,39.885725473901125,43
Car,21.465500833657277,111.65991624896557,22
Car,17.845855727042515,108.54134571373623,30
Car,12.357936467723635,62.79114323978512,64
Car,24.8622628941728,144.10362747004925,23
Car,6.440260565429631,48.126947013708026,45
Car,12.393641292873507,81.88017612511223,46
Car,15.288111888453976,143.23391042011187,62
Car,18.7867293844644,80.36727803113467,46
Car,31.62186249432753,106.62311371969027,61
Car,8.787277504176028,77.71132775553531,25
Public Transit,21.055143098130852,62.9058242818404,34
Car,24.104168185619656,148.0773177551794,49
Car,2.811566096079911,79.12008075780517,61
Public Transit,24.694249224156096,137.29190444149611,56
Car,7.650440823804369,57.594552706930344,56
Car,3.537012126425901,55.57256448301,61
Car,38.00653595287999,33.73608994614136,56
Car,38.65964928990782,108.2000190451062,54
Car,32.527496576541985,74.22316124685133,42
Car,12.879936997761456,133.72298998075644,25
Car,4.809212446248971,86.78518880298685,23
Car,27.685088033974118,146.18321134976662,37
Car,18.16594725584445,52.26306188437454,28
Car,5.759491158946374,134.23478015467327,48
Car,20.31189949433954,123.19162233500901,32
Car,2.3411523234935174,122.51062135728624,36
Car,36.4634956810725,131.3739873740265,64
Car,11.092419282400659,121.32287891315987,51
Car,26.838369089805298,105.14643859576985,41
Public Transit,13.156731967487028,45.74938532188651,23
Car,21.282652825934623,33.90314153895023,24
Car,22.321700894387906,140.5017417378824,56
Car,8.209323765495554,103.99803774248856,60
Car,38.81380048281778,125.58447491714116,32
Car,31.230180111083467,87.782682181506,53
Car,37.64045872100338,44.076982675487336,64
Car,35.8982666666783,45.02229506430605,41
Car,24.31809917363232,112.26783446747656,42
Car,36.95309516590156,81.63670738793553,22
Car,4.45120758002486,54.062967204040405,61
Car,8.643331634346662,88.99134560897242,53
Car,2.763864267510985,37.70507244901609,51
Car,13.68788289976731,99.83656822972786,64
Car,16.1584142978898,62.27920853221172,40
Car,11.582612239181941,125.70709207646257,63
Car,33.32076285692524,67.24343507082885,40
Car,14.913379741049981,84.62641788981614,63
Car,11.95644587780785,31.394464788972076,30
Car,22.165147243171692,38.693626535347065,58
Car,6.496044774015743,77.09922676880217,23
Car,32.28568224940754,87.59266016605483,20
Car,3.907475103511062,102.00246577431645,47
Car,39.48859052742017,64.99950944511639,43
Car,31.11754600256964,113.3978263351851,54
Public Transit,8.749911579832723,133.21468766270453,32
Car,1.2153625678204936,123.58211866720198,53
Public Transit,32.80299570973853,34.754259041802854,30
Car,28.567436410057066,87.66083367093947,55
Car,29.431279553598504,42.591621410180984,36
Car,31.079543520751884,59.0454019035033,54
Car,3.887741417629524,148.39951119205756,37
Car,14.980163413226633,47.09946514818159,59
Car,5.518893321480059,89.86657841416273,41
Car,34.66103360914815,104.17868811817429,43
Car,25.30862694627476,114.29579646529247,38
Car,13.905022969253318,97.15784201842969,56
Car,3.4787756611549217,31.172501690302038,58
Car,13.128310546910825,69.17535698927902,40
Car,13.682149559043134,92.12539720616537,27
Car,29.454640955184498,40.54397989738,47
Car,25.86474138285331,72.07523174510169,24
Car,35.60129696047674,33.98437305496399,36
Car,19.416382081316023,39.42941965860249,56
Public Transit,5.664175591593766,77.63079314419153,55
Car,28.816546701696804,45.925890485167244,38
Car,30.670616896059002,98.10490179138698,46
Car,22.889810705210355,112.73579629647189,53
Car,31.067720018227877,126.07040389308995,30
Car,20.25802825821124,54.01802930937721,64
Car,21.38658034589777,50.09790987108837,31
Car,17.674099715983434,42.54814084012803,40
Bicycle,1.9913459430197125,106.3716299452364,30
Car,5.207765652738874,114.77708717842813,58
Car,2.225738241782636,33.790337379077044,47
Car,25.820006039287435,142.34546954924278,24
Public Transit,13.259883261976741,36.23655403817669,36
Car,20.83425695542341,94.95556023612846,39
Car,36.39509248311763,115.08726233410997,60
Car,10.722396936806122,134.51629484953025,31
Car,17.00493399838956,115.69043185589133,25
Public Transit,30.4664944031789,126.20736996837502,36
Car,9.923128454173277,70.73402310513673,38
Car,4.002216483322927,127.77901364958147,45
Car,12.300306663636952,39.613781566161016,63
Car,7.287630202906172,137.37799872726333,63
Car,37.25820844136035,95.71108513844835,51
Car,32.51669480301226,128.07573239549924,25
Car,25.702746503906514,84.27819414219601,55
Car,34.98696301732099,107.229323423583,57
Public Transit,32.34321099906546,93.16831931233358,30
Car,8.276232296555397,117.79074261063982,52
Car,35.80980094110913,39.79559784367075,43
Public Transit,22.034347434710376,37.242250078867656,42
Public Transit,32.49016605139844,59.65238808121757,34
Car,35.947560697016236,49.1453616135826,46
Car,13.402135523902691,134.6140279910642,30
Car,5.292025056579393,56.30567848296532,36
Car,9.889471339135726,147.10383069829575,33
Car,17.657203756423996,70.42749501253283,46
Car,32.90257587097723,51.85414988264391,37
Car,34.56849274699739,124.7638208570975,47
Bicycle,1.2711330907164373,109.04493306010514,23
Public Transit,20.919144800525064,89.78348597437667,26
Car,17.27902912280238,96.64362611251575,64
Public Transit,9.66220460835848,116.30421339267166,54
Public Transit,5.67474932601363,57.41456895975585,28
Public Transit,14.16699168474149,149.56006992680904,27
Car,37.77347845258825,146.975179457614,64
Car,13.604914348809453,108.03908236163242,36
Car,21.232834247991278,53.94509411149741,36
Car,28.417739396911937,111.62738909175496,52
Car,15.181554492792465,38.6638090775011,51
Public Transit,38.899501226117465,33.67830026469673,27
Car,38.53544450274234,60.92194662134564,38
Car,10.819509537189202,85.51475480871795,57
Bicycle,20.392691729803033,134.19270064900564,22
Public Transit,12.734254082854017,117.26028837195696,24
Car,12.108779280721237,119.12478254399772,32
Car,2.4385909468267792,81.05920013376904,50
Car,24.773009025215977,71.51219910563555,35
Car,20.6044819059256,74.52465155815233,51
Car,3.007671298749585,148.51794764832692,41
Car,11.867212105227846,34.8131029694979,48
Car,36.42236955269949,134.04377953469384,41
Car,10.342913736011925,99.4410490286872,62
Public Transit,6.650900011557701,82.63385030275086,22
Car,20.088657650824956,117.03091924981638,29
Car,39.440367710313424,88.40027297096435,61
Car,10.440155588948516,134.81078856979929,40
Car,27.213286348829264,138.08422368135103,35
Public Transit,30.703164997819986,80.60651122481465,31
Car,10.267864215703588,63.21933566820619,21
Car,29.400437595862524,101.08203943120347,60
Car,15.343542176050876,139.4836014740029,43
Car,25.659927393149598,55.27946268067999,54
Car,25.707658719674892,104.75599002761794,49
Car,21.89521267891558,105.78722641110247,49
Car,4.521301032121924,117.97356268983371,54
Car,33.57679732798028,45.78812221527117,38
Car,13.510422533897698,115.89899576185063,27
Car,8.274221905594315,139.08390247987694,45
Car,2.5902305206357927,51.56197306442904,59
Car,24.04482478434143,58.50519899086532,26
Car,27.425010111849016,146.56741128499675,49
Car,1.64692532818639,51.717234325138776,26
Car,20.971629273671958,132.5262112043495,22
Car,9.83333523271958,89.07334277376418,20
Car,26.161738825968545,59.667728928381244,55
Car,7.800290731194666,134.48998815270136,44
Car,27.946571785996174,83.43663060031986,56
Car,16.08267850572096,91.77808247156283,20
Public Transit,37.53246956073264,73.10800432797188,34
Car,6.363316821693736,101.15410217219129,56
Public Transit,14.301587690960082,49.622864710202734,32
Car,5.4254673283829735,76.92978439821128,59
Car,37.063051112863945,146.3294786802345,27
Public Transit,35.21623478185826,60.97601192413531,24
Car,11.05972348089107,108.80839974495507,28
Public Transit,26.73937779533298,69.02280770696339,20
Car,32.87166580784742,122.81677508239208,55
Car,22.65283165237903,45.70483928620198,54
Car,21.656372555884253,146.37852540942538,21
Public Transit,10.432239345117615,84.45474496603671,59
Car,4.631007944430069,58.326055601575675,42
Public Transit,35.99141456017974,38.81960967960152,28
Car,36.11630422936989,50.37094861050489,53
Car,25.69095683365745,92.37287382672213,33
Car,14.222161850899326,70.44038117175435,23
Car,14.619173409893774,129.46600390591314,49
Car,29.312271475939337,81.70650283941671,50
Car,35.98730013815051,59.845712710515585,57
Car,35.59637054633957,104.0573983924836,30
Car,31.415146288447332,114.8132660262535,54
Car,26.039234200017223,50.04502894811398,27
Public Transit,4.281458634806905,50.11430595459812,22
Car,7.303519849689937,34.40057123202516,33
Car,36.04361335255609,118.36824180787686,32
Car,24.65073332672401,109.65654331461661,64
Car,1.3586850130485564,86.95570508997767,51
Car,4.957390171775252,131.30045387630366,53
Car,26.876568995214175,126.68041835400638,64
Car,1.1974017700025288,100.24252372761026,38
Car,7.271514005282447,134.19255366159103,57
Public Transit,22.40061778529686,54.70094520441219,35
Public Transit,27.983912710015037,43.43035432772734,21
Car,26.42648912060142,62.36995338203875,59
Car,9.746503068961832,36.85042273071778,36
Car,28.774989632553897,93.74034336012384,53
Car,10.252714412375203,142.39268307539538,61
Car,13.69058822821144,34.72122488022116,35
Car,30.11316479960294,44.653189681203216,57
Car,26.335683062841373,84.26388339401223,21
Car,34.11971300927294,142.0650021033486,21
Car,26.64690279971339,67.93873259721006,45
Public Transit,23.164035530083392,90.8681770426071,32
Car,4.653315945295606,34.98874308604705,50
Car,15.340916319317907,47.80118411545067,53
Car,11.342892339587292,148.39561475506162,58
Car,10.515596091784259,145.81424357232547,22
Public Transit,38.947411635345375,30.592797712129155,27
Public Transit,16.330811262003657,144.2174142507887,42
Car,35.78981565190742,106.69439253786004,33
Car,25.614406413893253,134.15019534240264,46
Car,31.997640838124287,84.5687826760631,48
Car,20.60284663110249,91.87152342951003,58
Car,23.499251500428006,88.66158963083042,58
Car,20.208190058935692,110.02371090553252,20
Car,8.614476524123734,46.75815057075755,36
Car,29.17563249519871,33.596830784721355,60
Car,11.950122135193375,66.95159299094291,49
Car,1.9483226908266997,114.5616915283976,32
Public Transit,26.173419540379545,54.2224142547538,40
Car,7.907316496874909,110.81189199899008,38
Car,37.67788478976366,146.38944553287246,38
Car,38.20321450310091,41.268085894730206,44
Car,36.67971121859749,110.71225418701515,41
Car,15.436189309962332,83.25002631654854,50
Car,1.6028080446258297,134.17707052530065,36
Public Transit,37.20442394092129,51.25797473368631,42
Car,17.69918178437526,113.11511426713975,51
Car,38.69953794270311,130.57383475777323,29
Car,38.58117910648086,143.3537063368828,29
Car,34.26736876322704,111.9897633947575,55
Car,12.483506790713841,89.66097168101128,27
Car,16.018811415475085,104.14166882414565,39
Car,34.19433018915742,134.2685981374462,51
Public Transit,13.359958201094829,98.47316959665956,33
Car,7.610217120757607,33.64644716362042,47
Car,22.715249235875657,141.71384346083732,43
Car,37.510036192270455,112.74321012378734,34
Public Transit,28.14516207032395,111.18160629326958,41
Car,23.232385633485233,55.881018287726064,49
Car,4.789883257059973,109.06625642791886,23
Car,24.98528184126762,77.26372867849902,32
Car,39.61210015406627,108.14795724497905,42
Car,6.463276594224437,42.791163636958885,27
Car,21.214856442185734,108.94143655236432,37
Car,35.21754980519026,149.92964709247997,31
Car,29.889976092413974,35.78544466326672,50
Car,28.18361389881545,147.2609021065581,33
Car,28.396879275497263,78.82895528674447,53
Car,15.020154897570452,134.49041404047108,37
Car,12.45008192631524,123.88625808699281,53
Public Transit,32.56508506366203,98.04195131840014,30
Car,32.59442239248805,118.61390511015918,60
Car,34.81582042462404,135.42186735616173,31
Public Transit,36.61638154970238,78.49683859812396,34
Car,20.942353555576574,69.24397938758864,50
Public Transit,20.559135492800785,110.11120626763017,48
Car,32.13351197970423,126.94151303295104,45
Car,26.34859330033284,121.4742161731939,37
Car,28.37670821305043,125.73763786303614,51
Car,32.035914108007944,82.26999777755196,41
Car,35.71020833088509,128.1401059410026,57
Car,14.181811117209897,44.42508664447301,36
Car,15.647735152957816,95.33869175530195,42
Car,4.6652956537938906,30.691039259774588,43
Car,23.552925498850787,68.95029958803244,27
Car,2.4017486780729413,73.97538418456774,60
Car,19.158322707165947,77.54072299311065,25
Car,22.16314075359549,113.45606480278346,24
Car,12.175108833003092,76.62697215244148,63
Car,24.04249716219142,83.84323471470367,48
Bicycle,2.1895097476229277,58.50529570491929,47
Car,2.4565793612193625,74.79021499552081,30
Public Transit,33.081421865726675,57.27235527157818,20
Car,15.047435015039254,38.78351085221324,62
Car,5.955359993423507,102.41383120576535,38
Car,21.36748714213737,110.18553582660195,28
Car,31.029748570845822,104.33884152115374,46
Car,9.417020072376884,85.61928525606868,53
Public Transit,25.29272855694101,75.57429362150758,63
Public Transit,4.328551134756951,133.60003794861905,23
Car,3.0155871255757,92.28981421634617,55
Car,21.722830631157773,87.50182531556771,37
Car,22.084769742794155,33.077047896772285,34
Car,25.859766158430055,70.94973931513877,32
Car,29.3175620151838,75.62347425430285,38
Public Transit,39.05823109903885,77.85873370762806,25
Car,21.135713583746618,99.62068430727987,31
Car,13.595302444708592,94.03230560722541,56
Car,32.01226159597944,102.94861113521335,36
Car,11.562457799220894,121.7859913850554,42
Car,18.11988540751981,127.55828864593121,45
Car,4.059798872348372,116.17476914717933,48
Car,1.9886789932028428,144.66284351459217,52
Car,38.54328817243908,32.187909921163396,46
Public Transit,33.603224699976025,53.49335828202553,44
Car,28.142994037654223,30.907544997377055,29
Car,16.949164832156526,107.69696569855236,42
Car,7.758478482762985,137.76366587399843,40
Car,7.101044664172356,59.21787558915591,40
Car,10.759473028419217,141.2441453755568,62
Public Transit,22.4198399235387,37.2320868347473,32
Car,28.86924098530243,142.13232321666172,56
Car,26.74769769199152,72.19472246875613,52
Car,11.91742198089177,42.170499413905986,43
Car,38.23974594586457,88.30461110235908,63
Public Transit,29.77797975113497,60.81318812646096,30
Car,22.619808047944627,64.18474823543073,36
Public Transit,24.857109103139738,66.87479579115438,23
Car,17.364402434683807,126.36310773991961,44
Car,10.661508590545141,94.69935320103053,49
Car,14.882934467399203,67.35692389872044,28
Car,30.555998308110397,103.2400539973102,40
Bicycle,1.5613460565604789,115.93808090678323,39
Car,5.5268329797697335,62.71488008802405,38
Public Transit,2.794103038848357,79.62589218304218,38
Car,2.5884232904398354,44.62633120043371,31
Car,34.362962776429285,51.73792194416164,56
Car,28.442656515820925,111.73414247579794,61
Car,19.492779334405682,51.77260172347523,36
Car,4.8155322653890575,93.01960604004722,56
Car,20.17301912955646,115.08555140669192,58
Car,19.46539906044206,42.82523077136926,47
Car,7.7548729264905925,98.07746635546843,60
Car,17.920214320280948,60.78753404416365,54
Public Transit,16.541684641497564,145.55122502850958,37
Public Transit,25.018153824036443,88.02547760639096,33
Car,25.76865238383811,126.71910597301897,54
Car,2.7668563811097364,96.02718505875141,63
Car,15.609891970432377,35.2095039425783,60
Car,25.40853671285522,105.97816507128269,26
Public Transit,20.62231408462342,144.16840106479884,60
Car,34.40310380634457,102.19341841755974,32
Car,26.689051633138856,128.30266313121484,37
Car,7.354442656175758,136.10477560180894,56
Car,3.752181148616764,57.3695726338719,32
Car,26.05435185004631,55.445380788987194,55
Car,2.0339411111232506,103.317718662119,50
Car,23.845247669665067,79.32341637680457,21
Car,37.66897941557335,130.78335634400645,35
Car,23.44349293715928,138.00277480776134,28
Car,16.138627122054352,72.41056551632617,28
Car,26.088240519251773,58.424467076937844,57
Car,18.87186272916915,123.66306182926341,30
Car,22.279054783321463,62.97672426577633,41
Car,37.71712754228448,128.7137182216414,52
Car,16.058002874230198,80.84859043785154,55
Car,38.486431989132655,110.10598791497645,64
Public Transit,36.30867503628649,41.46423766016018,42
Car,8.635854256782562,104.86311896118876,64
Car,3.7050907341314527,84.21212144846749,64
Car,4.93034205371964,100.39301558105689,53
Public Transit,1.7106512004104393,50.16170492938361,28
Car,4.683275469481208,118.42484939330186,43
Car,27.637264163237916,133.5356493051874,27
Public Transit,3.7763572899489306,56.00877601089308,26
Car,13.440049581456691,41.48574666241941,55
Car,33.95013712780873,32.836630325560364,37
Bicycle,1.9076054936972087,107.03658005319193,22
Car,32.76427082096849,102.8512843306537,47
Car,11.992336216162597,95.6036895256884,25
Car,5.6084282772445935,57.83365153391705,63
Car,28.172749449201874,76.90871950866176,63
Car,25.528771024415477,101.33716022234077,40
Car,35.22140852755506,89.61202306310032,47
Car,29.667770708351544,148.5342624257865,59
Public Transit,32.3357562850091,46.37277030680798,20
Car,11.999348330280952,113.41734648571125,55
Car,7.92014220740919,78.51825217251505,40
Car,30.273975313993475,81.38395379107376,62
Car,32.466554831423295,116.11173187898115,54
Car,39.629700538026256,113.09233815892436,32
Car,17.092089399545632,148.9507192442626,29
Car,15.508705345918544,45.40731473449503,63
Public Transit,31.280105468937876,42.49315792609996,29
Car,14.291338069867695,116.92065805544894,32
Car,37.299535698539025,99.4064300407691,56
Public Transit,34.47809732187746,62.899279987176705,57
Bicycle,17.730767067625717,39.53032427867839,43
Public Transit,30.283971643868398,40.27898995157166,21
Car,30.427172089302612,137.3029049596942,41
Car,5.021830884601371,53.02407896624915,36
Car,36.1995633605031,68.8045874538625,55
Car,20.70484252546643,57.19876826723856,33
Public Transit,33.231841178201925,72.59955669983248,29
Public Transit,13.481934440193859,38.3308611295312,54
Car,35.92540591135182,92.28717490899244,44
Public Transit,16.17886547063236,38.11350763106579,22
Car,1.422668407731636,126.04278093868339,57
Car,36.309897080351284,58.045449829251965,36
Car,4.560180394659209,94.80142975254127,31
Car,13.45323186602618,135.60949050737497,43
Car,38.05241671498139,108.1052842856633,48
Car,38.07367873056469,93.95493438616023,62
Car,23.364077636808158,68.92005037384507,44
Car,25.64165127462217,69.96022956698374,55
Car,18.489375357154472,110.33843462378282,45
Car,12.435220096224517,149.2967233465401,57
Bicycle,13.817917269426722,109.42070278192543,20
Car,27.228219787004498,96.93401008440298,39
Car,30.34260664806952,117.67806122870954,47
Car,31.871582705308093,85.82467347404618,35
Car,31.795107568987603,37.21708111209423,36
Car,4.557038018898925,97.47561790534918,59
Car,20.282391883400678,144.91503414064562,47
Car,3.244791640649127,51.036353082919156,31
Car,22.431626410625686,112.80058689847989,46
Car,18.219689553561704,54.11204263908678,61
Car,35.62046312757369,94.29932213676975,49
Car,14.68568548953107,41.601173957606356,60
Car,5.565613640676629,84.04451235098222,53
Car,6.576675600060598,120.73959946742953,56
Car,30.698914636981417,71.70858290867784,25
Car,25.11050446933418,109.78940693846616,26
Car,4.943784368788819,125.45399529476751,51
Car,4.2801654384849,141.2613383375343,51
Car,28.33779612690568,58.15704982265443,44
Car,3.8377572482035474,77.91790989711697,52
Car,33.052542312323894,48.28992159965009,26
Car,28.54344685910335,149.098020259005,31
Car,4.172602445034091,141.24011615091544,35
Car,4.308670849322485,94.79485563366715,35
Car,39.47894356154584,131.04399532517056,62
Car,15.596561034488692,92.51495727264506,55
Car,15.455043735608745,104.83028256033117,32
Car,32.6991831230426,40.69493185392199,26
Car,37.94269451797049,120.63245045961695,55
Car,39.45404148909196,45.32561803622818,28
Car,30.381749225098723,129.1281156303034,51
Car,15.674123835705714,123.84337052044631,30
Bicycle,4.256527951248081,115.04936372915718,27
Car,31.308729721170035,34.33924566297145,52
Public Transit,22.777765739696395,66.37540271343943,42
Car,17.544658360632074,61.57350838930114,44
Public Transit,36.3478210186947,73.21636889658228,27
Car,5.336701809939902,40.51712961166062,64
Car,20.212379067343505,142.43493876372753,41
Car,1.4427921459293436,96.45626888548516,23
Car,19.277765037770923,66.66291727896282,59
Car,3.195827751591657,77.637782048914,22
Car,5.633898734454805,83.66430486058027,48
Car,5.58352362430709,102.07132000327408,60
Car,26.31920178252648,91.88153132357974,48
Car,30.095750291351507,140.3270367857301,53
Car,23.751381838789225,89.63561794869963,53
Car,38.52472939050713,149.05896177879754,47
Car,15.619952601424458,132.1709949294115,32
Car,12.14277136499257,55.0212617228803,34
Car,34.875365999388954,141.67142575726996,42
Car,9.720237702258652,43.96396774625713,63
Car,38.565679038183845,128.09396501894298,45
Car,1.4740245129028373,75.67479521718961,23
Car,38.825274241597924,135.35691845340835,45
Car,2.6832365660724684,134.16680281289405,59
Public Transit,35.754581434224775,126.71104801411454,28
Car,21.580343254365694,124.80365235684737,24
Car,39.72562704865271,66.56149669176489,51
Public Transit,3.878066024680556,39.71031396615026,39
Car,22.60031709165151,78.35762145181937,30
Public Transit,38.80279888914486,50.82294179838104,34
Car,21.400815922635804,113.3941306682954,51
Car,25.546546887275237,71.53196718453427,47
Car,28.13419887040007,147.07322410318977,41
Car,18.727101525943155,106.91664928143985,60
Car,25.474765123278473,128.6976676361233,36
Car,23.788258165000908,45.902960729021814,45
Car,36.14516240914857,133.44173787271473,63
Bicycle,2.772408833316857,140.7308628616073,26
Car,11.957564394096982,88.4474302582723,61
Car,38.06604787898579,102.7503525301173,45
Car,35.720287571745736,121.77717610835946,44
Public Transit,18.770613358642805,50.980635271249504,29
Car,25.185171314259932,90.30792917561308,64
Car,11.817866136264174,77.83956333267757,38
Car,8.33672522922669,47.564879059469895,30
Car,19.084237792659305,74.10413067498376,32
Public Transit,14.78073689301606,38.180677126259226,27
Car,23.76258836218401,33.09742883393844,59
Public Transit,4.031650841634409,46.21995469857873,23
Car,39.001397498980495,145.57381339070088,50
Car,39.46221903470451,95.94354430740204,47
Car,28.22830684677006,145.89865933838638,30
Car,21.907758287420695,81.89974539961584,62
Car,13.071577035166783,67.41793597023116,20
Car,32.738005768571,90.73702354082928,57
Car,27.70451572960129,82.74140263594921,43
Car,7.34206063445076,42.67976211140927,50
Car,36.526160195259855,106.89915776282474,60
Public Transit,33.07895247400359,55.92458190115195,45
Car,38.042196618385034,104.35055458773955,24
Car,29.303060827146037,108.0241310877784,39
Car,24.923192641495806,48.24298237543778,60
Car,17.311478415334136,37.36195525328018,30
Car,37.376410850806515,123.69139032821278,52
Car,34.776491690515925,85.17605085231841,57
Car,2.763528134141387,36.97965546065709,46
Car,2.028312005392828,149.38395806037204,53
Car,15.682071308243934,36.933667319563995,34
Car,32.61157990049148,113.40422746302639,51
Car,39.50376904328284,148.04147103160963,40
Car,6.866258753037599,58.70161250591107,24
Car,24.17109789873327,47.06992424246354,25
Car,15.854743408609838,44.56619273069147,57
Public Transit,38.826661514769526,66.39301770811147,41
Public Transit,33.84263800229264,42.12549732127761,37
Car,33.69481948373438,113.05936100329583,33
Car,19.27903323200384,37.475015775607524,29
Public Transit,17.177960591168944,91.13065537797476,32
Car,11.662875805297544,149.6036224623572,50
Car,3.1986443693861575,127.67643234072226,49
Public Transit,34.72417267394707,103.82633258772131,22
Car,32.703139356073024,66.7504344943934,49
Car,39.988989258159094,104.86750035499662,25
Car,39.86883664588231,93.2449756693982,48
Car,22.66183651850247,81.13000606684457,27
Car,30.99050919203991,45.685245208823936,63
Car,37.845863465414695,136.392505828856,64
Car,34.13624823641905,83.9741578585587,62
Car,10.646575967984708,53.35470141849181,63
Car,18.57122127709365,74.13112210527476,52
Car,6.037217190908304,79.69557030347124,36
Car,38.20799006309017,129.3045474680249,30
Car,24.64081074358432,118.03372566736824,32
Car,9.917069414635046,122.31658723696077,30
Public Transit,27.196326691828414,31.323751731437667,50
Car,25.107001377857937,79.93847978157137,47
Car,14.968346003280779,87.76129819623884,63
Public Transit,5.428746095785532,32.303073218766805,25
Car,27.191354628119186,61.17758504940411,60
Car,21.292000335247938,121.2347787746562,35
Car,31.120417277689935,46.453164687479884,23
Car,21.28637654336774,94.237215774311,54
Public Transit,34.235078512423065,55.8242246420685,45
Car,22.524366712204937,31.454492957267192,31
Car,22.876580889880064,58.94417491194498,30
Car,35.18949050367546,147.10485058920645,56
Car,16.735831782283483,126.18445342595875,44
Car,6.226593909574989,145.149197318524,37
Car,2.1225243762202197,88.54248527116349,38
Public Transit,30.45035297127114,43.16834384130042,42
Car,25.192072502785123,95.75513867684316,57
Car,28.45911095586972,84.5252801471953,37
Car,9.305602298847518,131.3228499287539,45
Car,6.318487547884021,41.76990969410935,25
Bicycle,1.567241961047395,88.58893644261337,23
Car,14.672914793457283,48.00583976327811,63
Car,24.00678978733069,68.96111122680719,48
Car,16.297517758889562,118.48284928653595,53
Car,18.061521958925432,87.12217552425199,36
Car,36.26218908525619,75.10659421749233,62
Car,14.581963213908713,77.33715342840424,62
Car,21.04559007723262,85.1336122087184,35
Car,31.56246749690458,124.20198526044683,21
Car,16.465168510529537,137.05016267282812,53
Car,25.261381308887067,144.6401623804714,27
Car,34.63218464112306,124.42840635063541,32
Car,38.03130432264804,67.84882748976153,61
Car,6.73586575623248,112.57616473038506,27
Car,37.13691738129828,82.51237488664702,49
Public Transit,20.19253543010199,60.56047464552614,51
Car,11.071531143659376,130.90458953111073,55
Car,18.90629449329219,34.611161875479,49
Car,39.22127043613361,138.2114390562508,20
Car,20.212105665721914,85.3772957549681,62
Car,13.82131280121282,106.46417721699365,58
Car,25.702633318352305,109.12247066469392,36
Car,10.36567913234953,137.41412888478436,39
Car,3.958669796237893,106.40036186006488,43
Car,6.02630915451532,103.67203017120741,41
Car,5.993787719353125,37.99824486728279,48
Public Transit,6.92420504697948,92.20896263342449,41
Car,6.414259733326995,48.020280098045,63
Car,25.99411504732537,118.49205224657827,28
Car,8.093323291566648,91.46663049752094,56
Public Transit,14.481024049630665,111.6273335050024,29
Public Transit,35.974747986334464,35.000748072286115,55
Car,19.48450397025202,40.17504192549639,56
Car,27.03475180232006,115.95880656752188,47
Car,7.720474976863564,38.6501203198408,47
Car,8.49927173353816,38.55080733183103,61
Car,2.5938760343926757,31.453017028186494,62
Car,7.588467459814417,144.78016779593761,40
Car,11.865023222246386,118.50100313508084,43
Car,7.903408886793126,72.3901690202477,61
Car,4.4593988165251695,65.58426975451863,59
Bicycle,5.704798972923432,71.96438756950195,21
Car,18.970371953276306,122.95842374174183,27
Car,9.047015017825908,109.36447332844973,46
Car,15.206524580874943,52.22346814409615,41
Car,20.63327356333942,50.89312024009012,56
Car,27.925398316545248,41.807477965607674,46
Car,2.5331734538028585,109.23632636416058,48
Public Transit,32.17700555745266,121.72471946660832,22
Car,25.488115190145404,61.805571399000485,63
Car,4.188602246006004,32.51339532370954,32
Car,35.069566340164315,39.860600097171286,64
Car,36.914023620740714,146.14320418140366,29
Car,3.3820404343396864,65.45337329729043,55
Car,11.798228277740945,122.30677774057604,28
Car,32.441849911929395,104.95962826251166,46
Car,30.182127924962675,75.8327567583475,53
Car,8.196319754898717,54.68247146346661,20
Car,9.164623610131702,44.56637017912877,51
Car,15.448412008863897,103.80155616466399,44
Car,19.896396422449833,122.95605367653455,48
Car,25.111936089681542,107.26851042493568,26
Car,15.387631943221123,93.636255989899,22
Public Transit,19.03885392919277,35.034146811796354,39
Car,30.151366587216504,146.21865331132605,39
Car,2.4306449127333183,125.84570299854894,49
Public Transit,10.84504082941681,65.13864440411577,54
Car,28.820633849497547,147.5964395230621,54
Car,35.91306666980078,102.22579075635865,58
Car,20.95542024251098,99.89071898486958,46
Car,21.75242592534731,119.76878153154385,45
Car,5.1797084422512665,127.41237457081651,33
Car,18.449082306114732,108.77743287978032,36
Car,21.772073391745902,45.371489563944,37
Car,10.456349641754457,70.59210071933981,64
Car,11.500486007025858,141.370036839126,48
Car,15.714082361080283,56.95387342126223,39
Public Transit,1.7827767133313284,74.66004286050159,46
Car,13.561087457743954,81.84922595330352,37
Public Transit,9.24647227286524,82.72859876333426,23
Car,13.77239673493867,103.55274989934306,20
Bicycle,5.670723140950797,143.16910052936493,20
Car,35.7305639488559,58.883125419900594,45
Car,24.150105688607898,44.58016515611017,64
Car,27.484990446635095,53.696458783192476,39
Car,31.777678305686194,136.43098802511236,42
Car,20.439245758233234,107.49729751862472,29
Car,4.389891235409523,64.30881470869922,30
Car,21.947155130923363,127.91363267623407,60
Car,23.886803602814286,133.36439956361232,60
Car,30.07213949318887,131.58172064283337,24
Car,17.834722302957495,140.27118403674655,20
Car,5.975631809026987,60.26892242080339,36
Bicycle,12.067260326150254,120.6050314495534,41
Car,15.160209559546768,85.26473967289681,53
Car,26.190772411932446,131.0398263468074,64
Car,23.260353882087564,117.41888125939359,60
Car,14.887772310016004,123.17369357996695,48
Car,39.47409470292621,108.73942052172858,23
Car,24.6252179549186,51.29145233636483,24
Public Transit,10.251844877703785,95.4032302676326,30
Car,4.969516432195746,148.160368742941,40
Car,6.961506428188949,142.48656797965427,54
Public Transit,10.592351406995817,35.1808482956414,31
Car,7.266573557122671,49.77777788753245,45
Car,8.276113938000925,45.80745281454743,38
Car,12.118711579060037,117.11758919823546,64
Car,7.761570216495438,128.1342395828334,26
Public Transit,35.97385156043058,55.62136395728063,26
Car,4.129116080804046,90.70232315421947,45
Car,21.455944193239933,130.88436336134401,59
Car,17.0054762525968,117.93618537195007,24
Car,39.31276605943565,95.0684646590218,40
Car,5.3695171845540415,100.84172285505275,33
Car,16.516368362783922,91.0032656299536,23
Car,38.80934689773939,65.70581415825848,42
Car,34.75477790986523,97.80263914308193,61
Car,32.86581076702191,112.66623624601088,39
Car,11.058210254752654,134.79874990329694,34
Car,7.664615908212567,106.35496247750977,64
Car,27.07708557705281,121.33458444517896,48
Car,37.24566357597585,49.20859619454876,27
Car,22.71375282754326,85.38689693037479,60
Car,23.292894889326092,31.119794379251196,38
Car,11.919184652751083,59.60146374259476,58
Car,31.01022439448554,117.17540581356059,47
Car,8.294706193743412,149.0171941619236,46
Car,13.623490219765504,41.90137195046591,23
Car,17.592021106040253,78.17931790335459,34
Car,20.796804768693747,126.00851624389914,54
Car,10.45397956418813,54.48427615546786,56
Bicycle,5.478636164828938,96.61019391627435,20
Car,24.81418165522367,117.96855552356098,22
Car,12.256591576369974,103.91825403122148,43
Car,23.668290635481878,52.56296815384994,46
Car,7.02014589569389,72.64614824228873,59
Car,19.764463972337882,124.05501413824767,55
Car,21.77098786951185,96.507181695842,53
Car,3.021117936074649,30.627553625149528,48
Car,14.127566849562903,121.31889120337127,43
Car,6.242172400619996,34.23736259282869,43
Car,3.4716238484379423,119.48805392774786,61
Public Transit,39.608449063207864,54.29766721982849,23
Car,13.571799954014196,144.96881761432564,22
Car,32.58510338833076,74.15289015625014,53
Car,10.93098553578679,69.23179396056949,42
Car,27.57860616673324,47.86656603989336,42
Car,30.648886535697777,66.67250585882579,64
Car,24.229910883705926,135.19809141938407,24
Car,19.391471353456176,149.56012051526966,50
Car,17.061795651743473,74.19714366082181,60
Car,14.605862395176816,83.83327571454511,25
Car,37.251636625665206,116.64851258432844,56
Car,33.39415690372144,136.34349365580894,29
Car,38.63604951599399,101.1653201024141,59
Car,5.847591715936244,76.98308378133953,26
Car,29.503831532942126,79.51462090183485,58
Car,37.59527781602048,113.47417757961682,57
Car,8.068089580460747,30.38619163251344,40
Car,3.5933544273043223,104.35072049518088,39
Public Transit,29.9037053223123,72.65916125296289,22
Car,23.404451414016563,125.30367975325011,41
Public Transit,33.83132229357261,41.15887677877586,23
Car,6.45112268842529,100.58427203380685,47
Car,32.01542516253572,87.71674678633485,31
Car,8.863465481862036,107.07906310862728,57
Car,7.382581771762476,37.782431337956204,55
Car,7.406366119308725,99.59805449137575,60
Car,32.768414089023906,97.37815055514285,24
Car,26.942691607151804,97.27921132994051,32
Car,21.399551565995655,102.41851999157458,42
Car,14.994388880816597,111.17615246716346,49
Car,35.210821091711225,126.59867996169237,56
Car,16.30535918948278,62.37848641538572,44
Car,32.84737813939151,129.00592922160746,46
Car,18.12626143423852,89.79068187161444,33
Car,15.700832747571395,39.24699349611974,55
Car,19.04451164111465,37.026111509277506,58
Car,12.753737092401542,70.1085982435273,35
Car,30.156765826873794,124.18763725337611,41
Car,20.606095213606686,114.92171216890989,40
Car,10.056295110725875,124.63379576068877,40
Public Transit,36.08340835770817,92.07228677299312,27
Car,15.971757633555246,82.82387975465886,35
Car,22.198561583445557,47.69430320475408,50
Car,36.35241232761733,69.38313043311739,61
Car,25.34528184064569,82.08232394086502,29
Car,5.559023587626199,40.632051561554064,51
Car,37.65345282092553,56.47343432534535,53
Public Transit,25.480614069785297,101.78703528764866,28
Car,14.06131897162636,118.27957370870278,36
Car,6.431610833872103,149.80170136715395,30
Car,31.96698238154154,141.97359976122692,51
Car,25.182837481212026,107.10782394422299,29
Car,21.80498258707654,80.54976639528864,41
Car,35.86181073898735,106.34128376498792,36
Car,31.755291237756698,124.27819416962784,23
Car,6.915320309577296,44.20034291080648,44
Car,13.157160644026382,79.18858676355458,40
Bicycle,10.691076452764165,130.77627427627408,56
Car,30.013905410334402,76.05995423196528,57
Car,2.3077649546953958,98.62467254726238,20
Car,23.225697709981343,100.53232330346378,44
Car,30.73588874388693,52.13715037603672,55
Car,35.19385983370823,73.46825299827461,36
Car,14.34118819992039,70.14135464903185,60
Public Transit,33.0290348822085,33.143605023847776,43
Car,5.314637741253081,32.90301166696263,21
Car,34.01163937764621,129.8036452410928,59
Bicycle,5.972057830947314,62.76849719673749,34
Car,16.494204331854323,92.16945194865785,51
Car,32.094519265402596,65.84706883065277,58
Car,6.846779666602178,142.88150941384086,25
Car,9.940804414073018,61.11561106389285,20
Car,29.167850167329586,81.55881752867221,42
Car,29.0814249252969,134.72763005815222,58
Car,26.004757682526595,131.03202801501703,36
Car,28.063989334216902,52.33217014155328,53
Car,22.166253290556252,126.31719717548525,60
Car,10.820163297371158,84.98242640854713,48
Car,14.482143746652858,87.95626465024262,28
Car,8.0823109552556,46.017596689913255,32
Public Transit,36.4295718920115,39.67218165085496,25
Car,23.7522799958787,117.35271683685183,25
Car,16.633205253781956,89.57533828263597,39
Car,19.018226342121174,82.42208431382154,22
Car,37.9440502448608,117.5409874382876,36
Car,6.980704721527128,121.86154787893317,31
Car,23.86296344865509,49.06898012032243,64
Car,20.729658476494173,103.22701793731696,20
Public Transit,24.846715181951264,46.24248987332226,36
Bicycle,1.70629716901278,120.16501032348548,22
Car,35.01283244882191,108.83461875205674,45
Car,37.352613016860886,144.79375453001495,34
Car,23.040194159979148,38.27496196277054,55
Car,28.169382131198798,36.84656653815052,51
Public Transit,36.977475865914535,63.862448963184015,51
Car,28.582306738222545,61.404682048308715,23
Car,6.949022673656192,59.63745588863998,37
Car,23.475246046505713,138.7505496625244,38
Public Transit,24.66188680893138,59.94554398194073,62
Car,17.541096180793055,62.63396713543572,54
Car,29.72132518936419,121.12779149015564,59
Car,37.44031357599158,83.96878109406481,33
Car,37.09717200336428,123.20526683462174,52
Car,18.58273548476115,37.843938907726226,33
Car,5.416283787789455,88.50854324080612,53
Public Transit,39.408806759531046,34.03363202199392,23
Public Transit,33.71702537139143,37.51838441464254,43
Car,5.861844566927407,138.7724944013293,48
Car,36.91283342207752,46.70944453411142,38
Car,34.925958120423005,93.89048187302606,25
Car,21.234684227916812,79.33147231208478,52
Car,24.059741994052242,71.68119915106112,59
Car,16.56110545093508,137.9800014824727,38
Car,3.135703914059222,32.61880761305874,20
Car,14.072692424190135,109.6547623410707,24
Car,32.31128449532245,145.60733210562606,46
Bicycle,1.1806488971795115,97.22018201542103,35
Car,14.006467695954623,142.41869544397102,25
Car,16.528579050046787,36.270945514322854,59
Car,21.95842851457899,80.25519828889936,32
Car,36.87436904009766,61.21893491544614,54
Car,14.507493780272489,117.69851579768758,38
Car,14.53117487395288,147.7556508596696,31
Public Transit,29.762548676280186,60.78360749330974,35
Car,18.63649969470248,108.50095217688893,62
Car,9.759588094659296,53.77171593116881,29
Car,18.64514112917504,97.83963054859319,44
Car,6.493423794812195,85.67189840260033,39
Car,7.879092473742709,146.64063955578445,50
Car,20.43634313683971,103.02327272357599,23
Car,17.33809253067737,71.94076465041826,63
Public Transit,36.6789901416559,43.691494186552006,42
Car,15.133362065548692,48.14961944819215,21
Car,23.642945660843694,57.03803159414821,41
Car,25.658307228861684,60.11599936083576,56
Car,1.510683806945012,132.07392694093653,27
Car,26.87795750865171,97.346734593903,26
Car,7.943402707920305,92.80690936492397,33
Public Transit,38.48174238130875,43.772264624306096,22
Car,6.7978463823714055,133.2167632019322,35
Car,17.170340825353925,116.73771638501805,38
Public Transit,4.3286370550671105,38.12020342800019,37
Car,39.87809582199195,114.94021166757224,35
Car,20.58560540291846,95.22458608111752,27
Public Transit,24.220015675481708,39.80704148961339,52
Bicycle,3.6159826181486716,84.99607698343877,31
Car,30.248458345567933,88.16355445560563,30
Public Transit,9.186318130727845,49.89294481959309,24
Public Transit,36.02411728818784,143.48377764003388,46
Car,9.000445978798279,131.99704457767945,31
Car,8.436821105882997,110.282680479493,36
Bicycle,2.4254370460757,85.47546732007287,25
Car,19.41061085928997,79.41186499014103,52
Car,23.02880419724204,108.1168160581145,24
Car,3.5626369377057423,95.45182432882865,47
Public Transit,31.245577051105414,37.47277270582627,33
Car,18.678264555173076,91.5003178524398,24
Car,21.451220503775623,126.76843406794075,52
Car,18.1897471305909,85.10878531163496,60
Car,16.629759374137713,36.23478930651221,38
Car,22.825972921020497,124.35338392608398,41
Car,7.054369591297788,54.16365385631693,24
Public Transit,8.095197089315574,61.03450018656466,21
Public Transit,34.609639219527175,49.76476241187551,49
Car,37.898503023211674,69.6258077845797,58
Car,15.559063334910364,120.8101806826362,23
Car,11.559042252598598,92.32630314047248,52
Public Transit,26.115982186321613,54.5857528980855,32
Car,16.94063267282576,135.33960937824492,39
Car,1.9900678707534496,135.5498225941835,26
Car,7.089951297281424,134.46941100552084,34
Car,28.922916925048504,58.65554536578472,42
Public Transit,26.6980337344959,84.14872130171858,33
Car,2.056743707635856,148.198758736905,42
Car,9.656914315385029,122.64149715719884,38
Car,10.011917066934785,33.26009054706718,48
Public Transit,27.20381700035041,37.82455095125905,39
Car,1.7687109724202021,85.67176521747993,48
Car,5.06023469739838,139.10642470338723,43
Car,32.196727329554385,94.6442157543257,37
Car,7.963241820119011,89.73750096411483,29
Car,26.45709820622311,42.65684399479567,60
Public Transit,10.289128460822335,108.81361256691528,27
Car,4.878214317614461,128.65237927202708,45
Car,10.483715448978709,75.65040090090747,48
Public Transit,29.168410342370706,123.07342211103929,29
Car,34.372162256145145,145.7371984680974,36
Public Transit,33.378574718112674,54.451975095322695,21
Car,16.490157655119738,92.79955574336896,25
Public Transit,27.0553203262552,64.45655497014906,24
Bicycle,8.994387521217018,125.14253028406073,47
Car,12.432761480179517,99.3112039057389,60
Car,35.95709692232367,106.14989010603645,24
Car,1.5070750169187055,125.74969915390729,37
Car,4.334832703324255,77.51645671949458,45
Car,9.107563950695065,139.81080820884517,39
Car,2.034755951078969,93.9634640695368,60
Public Transit,8.075981968502095,48.95457874024176,46
Car,23.738620877817993,113.5078941802563,31
Car,17.43555747310742,125.19136205259053,26
Car,35.81419673200202,68.0114012481032,22
Public Transit,32.880298907799194,132.86151083985035,29
Car,14.330876716217162,138.73719057189197,53
Car,11.117513903820408,63.22853848533707,44
Car,15.80800391852341,148.02257672582664,54
Car,24.021502758077503,46.88538336585101,35
Car,11.454481992092173,54.241880208298795,21
Public Transit,25.341807406116228,52.106980708563135,43
Car,16.967054435458376,137.27876520094446,29
Car,22.52984005322723,108.51510627899542,57
Car,18.008934636277353,48.252513986672746,41
Car,12.48416462213479,82.83881020420188,45
Car,37.989678971524114,103.83576300837625,62
Car,30.780625972230673,40.01569019872599,58
Car,6.464413854891649,135.88996420888066,46
Car,34.870251060018596,126.43242425298422,48
Car,20.009816731731032,90.62481282919659,57
Car,35.887536848869566,146.05519383110044,39
Public Transit,32.194354981945295,80.13131751301196,46
Car,17.583326674300103,148.09323828437974,60
Car,1.8763030244845784,110.15039985643524,39
Car,11.478417016012898,106.16055279047298,63
Car,22.12373437177381,49.9145874354942,38
Car,25.705650573219742,135.83133099655728,39
Car,11.057619731894889,81.29876255047381,54
Public Transit,6.434886888840142,49.468008693897524,21
Car,33.56227923517267,31.512902397091086,49
Car,39.391685047438536,97.17068203660591,53
Car,21.501917109804747,93.28795465472116,41
Car,7.6954921480838365,116.32243468429903,22
Car,11.619985734255389,136.83096636213625,25
Car,1.7172363853512027,39.52879015716354,34
Car,36.65765345585946,117.77957884084348,46
Public Transit,5.592292232715504,52.489433291709865,29
Car,23.48414254505589,132.98124637885968,28
Car,11.688153606801034,128.28762166339874,52
Public Transit,22.612942098115944,94.89525059826532,51
Car,26.405395145722704,115.22913583479738,25
Car,33.35993034458086,67.72201358204981,60
Car,9.050429598663525,86.54014787193776,55
Car,1.4288373176807387,128.5964277252566,21
Public Transit,6.338539572683484,85.11182366078566,48
Car,36.1007270320761,72.93579183905302,23
Car,35.0817130249381,89.30549367003599,20
Car,24.299110984642024,129.3899102924662,38
Car,24.420157556912482,70.22496568450472,45
Car,26.936430307303965,50.851391176289255,44
Car,7.839479866314534,115.4416824396937,29
Public Transit,36.66206589107343,129.11738552496982,34
Car,17.33205047079085,42.076497422824,41
Car,15.9424026017304,58.78489353071337,40
Public Transit,21.237790506030663,47.03663877131927,41
Car,2.831672704227147,71.75296938986,55
Car,7.4850513814870965,84.04211746864951,53
Public Transit,29.783311040628448,119.85916043559678,49
Car,4.2291480490799325,108.1377101858009,44
Car,24.52293226918914,104.51142809741174,64
Car,10.568615277571517,72.28499359315853,47
Bicycle,16.182528947637085,130.9737063701712,20
Car,12.259055734057295,86.55446008777974,64
Car,14.871235942133016,147.49259256181853,23
Public Transit,29.042790302185573,106.09705659548843,26
Bicycle,12.587746909303826,45.151768987740326,28
Car,23.08978097157899,111.14130744905208,55
Car,19.565965685764887,69.01248185180387,38
Public Transit,26.883175449143277,112.3592636023317,20
Public Transit,37.536359833665564,38.35693777948869,29
Public Transit,29.57031179119976,50.985772461115126,55
Car,9.382674765039514,132.68847106869435,28
Car,2.216142267390102,57.26154684282179,64
Car,11.228297727693178,130.44493502915282,61
Car,24.208039297309938,63.51313061452925,51
Car,3.0056067258857637,107.14582920704491,51
Car,20.358283640848217,113.29806882117973,25
Car,24.27687110775868,91.51857037740635,57
Car,14.035511741861471,66.63728120360776,36
Public Transit,31.065575946087055,55.517325164531535,29
Car,5.1573318722171,33.98272254749115,46
Car,3.9303734876965417,66.47356814888686,54
Car,29.39936149194053,108.37953486375396,40
Car,20.32416133204174,142.5965782138179,44
Car,27.847693460681704,134.54453787156626,47
Car,17.958266205546103,121.92777318423632,34
Car,10.609679296325165,124.61368119039584,23
Public Transit,32.94499038929379,109.79818841711943,48
Public Transit,32.177219279790194,61.23442290792036,28
Car,28.093162363322644,138.86340368469956,46
Bicycle,11.613660351968544,110.48787742870009,45
Car,24.018996007894398,97.2528757176528,38
Car,15.077981980661045,43.31873630561773,47
Car,4.571700859738732,83.64666525677106,36
Car,36.77522944302747,85.24299254423116,62
Car,6.335926605839495,133.74763314272042,60
Car,38.059256799011294,95.59778642253461,61
Car,18.394225145360274,75.64806587644915,39
Car,8.220184224706166,147.2160394212791,64
Car,22.134136947755966,43.28647119915788,59
Car,35.04488759917992,80.70581139743335,58
Car,29.556770569972887,35.04296102056863,42
Car,32.45588476659654,118.78849449203165,51
Car,26.692551301717977,140.16918626389807,52
Car,27.998786016196245,63.604479546058734,24
Car,34.118630411047455,133.00100121589452,62
Car,10.737052345508252,65.06618765542774,53
Car,20.087573582082477,139.29241939726984,59
Car,9.627168230964486,120.47542843161408,30
Car,39.51905231186923,126.58881322097264,22
Car,37.81831424777792,32.16078667205454,52
Public Transit,2.53764564337173,145.53724284888312,30
Car,28.517431728111852,117.20051904843879,35
Car,37.08468437921097,66.570131446336,37
Car,8.042438459966007,129.52735978306163,49
Car,23.14986399155255,63.78254380979159,29
Car,36.704043605933634,134.73046074793535,37
Car,2.323893164846155,43.50964684943244,57
Car,28.199390422626756,114.4423172952955,38
Car,12.59661128752948,94.88381719738923,55
Public Transit,37.051451619684684,41.5841364234529,32
Public Transit,38.87127156144934,59.02725939106068,22
Car,37.82639307542392,31.488484353277777,29
Car,19.494354449641087,86.2521558557407,57
Public Transit,34.61966338858323,66.15183129120004,20
Car,33.93742654286775,101.80289811573105,46
Public Transit,13.44491845648697,65.66853692503406,27
Car,33.32770349187641,65.99029338083815,61
Car,2.443297753904212,119.1831838477924,36
Car,24.25452526080007,35.77714031740241,28
Car,9.970344654220419,138.34739942303847,25
Car,5.702108545313873,132.27166492694178,62
Car,4.001174863539157,110.13656198716878,44
Car,28.15526225924745,101.18658841288611,58
Car,14.25512358695458,137.07629977675828,47
Car,29.265904089621696,52.239621543445736,52
Public Transit,3.5488972911587524,39.47629946289943,56
Car,13.296323175393804,58.74122038914457,28
Car,22.04016040263815,125.34939344402284,37
Car,31.838203428719577,34.160432007178,40
Car,13.431347614350727,99.93682021001875,21
Car,25.409763681043355,149.4525019429572,62
Public Transit,35.553132181211296,132.68353126050474,57
Car,25.01866433910988,92.57348268523074,59
Car,10.085419515391717,37.636909114397085,55
Car,1.9516304807049827,129.76482172628516,62
Car,34.933856082136266,101.87742098126526,56
Car,1.8295070231650983,43.79195964714802,34
Car,35.113365234683776,41.26287417880275,47
Bicycle,21.628548227061266,139.1552183323911,37
Car,37.62364024200295,110.30403155256941,53
Car,32.152546195172945,129.51441591801068,41
Car,39.91943031080016,135.47746803387207,30
Car,14.677760802616696,98.61268224579867,32
Car,30.92034326831395,92.09356221060494,23
Car,16.675305630760445,81.65128923851881,41
Public Transit,19.715149191852444,68.03359053493432,26
Car,25.472713065516434,82.15151530304541,62
Car,35.07340745326721,122.86555868761877,43
Car,39.37925529877251,102.23081172181578,23
Car,30.96266314071621,137.10279479458154,47
Car,17.292904504526017,83.20560172550253,34
Car,17.432923088805737,102.85074944625049,20
Car,29.765709761966768,105.75690637103864,22
Car,10.31230868496379,101.00365947675907,33
Car,5.308490412124391,114.31605277026196,57
Car,14.830264147990285,58.49201620497675,20
Car,12.202320674509188,91.48365330549487,57
Car,12.556016697783614,42.50697633700172,57
Car,10.110702290946488,76.1413593173775,40
Car,2.641634395818113,88.52004823455172,48
Car,1.6970834546031386,108.2669111454567,24
Car,39.52117319970523,144.0637263103444,29
Car,17.68315221569863,102.07812798580271,47
Car,15.988739239227586,119.23126994118718,40
Car,27.506244025029723,90.75192713942434,26
Car,9.511901626737503,106.09248376515976,22
Public Transit,38.04848617405879,38.511865936052814,64
Car,31.66745556220653,60.526989701021634,39
Car,4.487029090178121,73.42237118461665,38
Car,17.285650255612207,86.69920260078163,54
Car,35.285613994924425,35.47784946028605,23
Public Transit,37.844548869365,46.80289170639812,24
Car,19.22865893874492,63.21771693495669,20
Car,24.9230441792176,146.58392290812608,23
Car,7.514323897590934,69.7616408523661,31
Car,39.65557641934208,87.8449269734499,46
Car,10.035196353954293,53.531725528607154,61
Car,37.7665391912699,103.2936085290922,42
Car,26.33621931070237,63.681985861916914,44
Car,24.701735000275505,54.839109412611215,40
Car,20.994851929643836,91.9887154135175,43
Public Transit,9.996122656992588,30.6606958992505,44
Car,7.884593248214822,30.91968391790704,64
Car,9.598962153736839,56.288257092222935,51
Car,8.271092223625926,34.406563500098535,51
Car,31.403794469103378,42.96309049568296,24
Car,14.654885107502473,70.66327792065019,55
Car,3.2558643859724583,126.31028154957754,61
Car,38.795002575491644,98.6458372043161,61
Car,35.467649513573605,91.52012711476996,58
Car,37.18233904461331,65.2186587849746,35
Car,39.80140508321097,141.81044633193795,52
Public Transit,7.781914719560004,77.641804948463,40
Public Transit,16.45343873720369,40.451132015492576,28
Car,30.57130055245956,104.04798193413615,25
Car,28.144804104097897,43.660607217192165,64
Car,7.001940347254347,71.42677713620304,54
Car,32.817491874634094,90.88943264613707,58
Car,9.753182301629765,134.9067029622211,41
Car,9.7288869780823,89.22558964081423,60
Car,21.94200249284313,114.27105192379972,24
Public Transit,24.124657458826423,149.13802067988843,61
Car,23.623362105674637,45.778694387757795,42
Car,4.5679866585124405,62.96778306234234,36
Car,35.22097364258484,77.34912907171757,31
Public Transit,11.358401660959537,80.61938142465976,42
Car,6.051081930029363,79.32252903186549,35
Car,35.66117511489011,138.9133203067866,22
Car,38.27040843096038,115.68391733602277,49
Car,34.62297707335257,102.94862569088446,41
Car,32.571126914270245,67.12472614353385,28
Car,26.554437244921846,128.85484610655536,48
Car,22.483437453756434,144.60726137819867,56
Car,4.392483636544995,128.5437939060272,42
Car,16.92967530975725,30.18781262297675,32
Car,15.534852163480245,106.36816442200885,51
Public Transit,11.130397566652722,36.13624577305209,42
Car,29.213384433854813,60.91286644004662,64
Public Transit,20.33915366807206,37.142964041732604,36
Car,4.160802420398269,102.45545435392653,59
Car,9.587144876042641,112.39078961911281,40
Car,27.647091782724242,43.73851656790862,21
Car,3.969103520121707,76.06066596539753,56
Public Transit,34.19706964790198,84.74838107466505,25
Car,20.310714553544997,74.28636261130998,63
Public Transit,19.742876515739272,44.52300005822316,37
Car,24.103903601721186,80.27373482249705,49
Car,33.16255767108082,120.14136573701018,41
Car,14.564559108185529,38.52091974399066,52
Car,27.44262994980348,39.62160168982841,49
Car,23.063546595835852,72.5725550203181,36
Car,11.414102536607432,143.007085394271,62
Car,35.26656946785116,110.22871760674968,51
Car,32.09961484267019,111.44039480070778,61
Car,26.679621551678594,73.43039890054379,33
Car,34.17268743467543,101.23929494502461,29
Car,34.82447383743229,31.215742083329204,55
Public Transit,28.626156091886358,106.33152556914507,53
Car,33.64351980618321,139.5944337091484,28
Public Transit,28.201387005102063,103.5088162013783,61
Car,27.525490098651716,134.84383121596142,47
Public Transit,25.12584375039219,116.87676665593126,30
Car,30.355948942748007,44.46700996844283,33
Car,7.1855991064298745,138.29439687430101,58
Car,35.35395960875821,37.973261322692984,38
Car,35.001897582064046,94.07609670573166,34
Car,2.1406440383478067,47.05645485521492,47
Car,33.20685327202575,31.404793287708486,43
Car,6.025924831464363,80.64411121531668,27
Car,14.069635316106535,65.40488491849875,62
Car,29.996821995372702,88.32005925571237,28
Car,7.26963594588402,99.2639864081461,52
Car,32.90071394064343,35.24868867707368,52
Car,33.45323294035193,44.76039541484948,38
Car,20.79124161667261,97.03708757405104,22
Bicycle,1.2490489969565095,71.18008238071899,29
Car,12.194487193821598,117.50081850593376,59
Car,25.060149816653947,108.27499783103276,61
Public Transit,39.26626094306952,131.47252355878882,20
Car,25.640727553650066,113.09913920030704,48
Car,11.132339661502233,81.59172928681778,53
Car,25.72622242088484,110.75599468733189,32
Public Transit,22.059429808918363,63.045740910650224,20
Car,31.4139704108946,66.75761985338552,53
Car,5.172244914251378,124.6782191904952,48
Car,30.680088197579092,83.57034196818987,32
Car,22.1093965683683,125.8056408622023,48
Car,38.55668815050079,128.6906848401934,58
Car,14.333014475508758,132.90748051935407,43
Car,25.672253832223976,139.9962283009449,45
Car,37.349096114890685,81.71822646159555,36
Car,4.997879391636491,68.26401819853666,26
Car,37.551911002221594,99.86384959129366,32
Public Transit,27.827543169731722,74.54069081251531,24
Car,3.6456453051017044,102.12890001602796,45
Car,12.737579110925834,114.67030351725896,22
Car,28.618711457165983,112.60860221905642,26
Car,3.626673457282096,74.94634644241457,58
Public Transit,23.70464794687466,50.02322420385034,20
Car,14.489439221165313,81.6635206154649,36
Car,25.21570519293161,47.11129728982905,62
Car,2.783939318688001,136.811644222057,44
Public Transit,34.98993543994268,71.5052952885429,22
Public Transit,38.96606979791848,48.53516966679885,34
Car,38.78623635614197,33.05373118869011,48
Car,30.236421437974062,107.49868635437811,62
Car,6.073363365094647,106.4282780945692,51
