user_id,age,past_sessions,avg_cart_value,used_feature,spending
0,56,13,43.81530321897707,0,34.56167643432465
1,46,40,28.82058535183623,1,31.725905136891832
2,32,2,57.23407836054413,0,64.11268423490029
3,60,84,43.70150450331317,0,46.49494637422211
4,25,65,66.96879185596606,1,76.68539632923455
5,38,63,45.878787572383736,1,72.89757131181236
6,56,73,70.7666316752847,1,66.87507630917733
7,36,17,61.36183623975562,0,43.68545924076458
8,40,9,50.42895165077516,1,42.921256687589945
9,28,75,73.70348881026231,0,48.27225993227931
10,28,15,64.28440191555813,1,67.49880096247145
11,41,24,94.19319239994837,1,62.84374952864967
12,53,38,43.858171325326936,1,49.36619020588265
13,57,35,51.14924158187691,0,29.795281191561248
14,41,94,73.53063516516394,1,77.58624003878542
15,20,95,26.846932822473313,0,38.670479027890146
16,39,49,69.75415344848844,1,77.19860476800878
17,19,69,56.58954136522206,0,55.18293713039254
18,41,62,36.67683866829128,0,48.25958779986935
19,61,60,29.554405121733176,1,56.84965709770064
20,47,50,39.91265790304574,1,73.82968794046702
21,55,78,15.727706415116423,1,46.85887842020503
22,19,75,42.656908344627446,1,57.09524262980825
23,38,9,59.33834500013872,1,66.64224613366976
24,50,34,42.85549038546758,1,52.66363344280791
25,29,76,70.82469052150712,1,91.53799254850406
26,39,99,74.89921404087931,1,88.65944175179177
27,61,35,69.13466723938662,1,75.57011506168844
28,42,1,53.45961365396548,0,38.14400026739625
29,44,40,15.129810912702965,1,37.49013374220285
30,59,64,39.44453761951091,1,63.13551885543305
31,45,22,47.8694220983842,1,44.86373653072252
32,33,60,36.59198525742784,0,49.63962796312413
33,32,64,47.90741786770143,1,58.577341879996986
34,64,93,74.1510120304007,1,79.42657334760763
35,61,72,25.313352057270226,1,40.76066526670222
36,20,11,77.1753808417854,1,76.91755305208491
37,54,14,63.270896326312055,1,58.49803203477274
38,24,60,54.02325212416543,0,49.50391396513369
39,38,30,39.295751663888545,1,60.22181052171817
40,26,35,36.890744817628615,0,25.4690512729289
41,56,85,25.606734281168904,0,20.068075931444504
42,35,37,75.7514822047158,0,66.89474026780334
43,21,5,73.06417340111062,0,45.109096360264495
44,42,83,28.905730571250768,1,55.00135344608177
45,31,78,41.71058007640698,0,43.50993528467091
46,26,26,56.497171538478625,0,28.31158447025711
47,43,62,45.50736292741688,0,43.580342831907316
48,19,4,21.219878644522733,1,42.001204683807735
49,37,89,40.133408591664676,1,52.53139731878842
50,45,42,79.26551447030027,1,62.26739738677285
51,64,89,41.15032114378334,1,65.53401605146436
52,24,18,47.547989949466896,0,46.85111505668224
53,61,40,32.822338639469294,1,52.197074493662676
54,25,72,58.81644477925622,1,52.26356897113124
55,64,39,51.72727698536875,1,49.19031032093707
56,52,14,38.86970387664532,0,26.51361484508212
57,31,32,30.430169062888627,1,64.06128194305181
58,34,51,71.06815061016314,1,68.16656868409282
59,53,38,25.916848900383794,1,42.0727352222099
60,57,97,57.557235433843324,1,51.743769720160515
61,21,23,17.691811329326406,0,14.579057763562094
62,19,63,60.608175245185734,0,34.27472408268457
63,23,15,64.55448330890091,1,53.745443345222455
64,59,97,66.4217556745987,1,74.11038463888677
65,21,25,47.58187297145198,1,52.27929442961422
66,46,17,73.76005408345544,1,85.57497156844119
67,35,97,84.61687542494101,1,92.78847143954528
68,43,66,45.175652959310554,1,53.09898710155189
69,61,78,43.23492454805108,0,30.249283856620387
70,51,53,52.23765890517404,1,75.24524880922894
71,27,51,42.834797811586895,1,73.11782380062829
72,53,39,40.64194705984819,0,12.278491094468773
73,31,51,41.94892189637736,0,37.0030371879057
74,48,70,75.73634012009367,1,72.34938698107956
75,32,6,61.57822992553148,1,67.88031636336511
76,25,67,42.78580809112864,1,77.51958528717935
77,31,7,13.173124614165715,0,12.445992113804873
78,40,51,26.83303259590299,0,7.909531151312358
79,57,72,57.55143623902816,1,71.76579512100672
80,38,42,18.176660879167738,1,57.1879711256259
81,33,64,54.39490291177933,1,60.55985364069191
82,62,15,34.016544127024616,1,41.457897262115694
83,35,29,51.3770866187101,1,54.21594925557806
84,64,33,50.957844520012145,1,67.28097593131842
85,41,94,51.80884900836066,1,60.75981509133053
86,43,27,44.08367229382219,1,58.02943915033955
87,42,36,43.590715615884015,1,55.67338696534141
88,62,29,39.188143715953416,1,51.740275733749044
89,58,38,57.25838475862835,1,69.4421156468365
90,46,57,62.07789012171422,1,61.95314606221516
91,32,97,31.715412161958106,1,51.251840479156265
92,62,27,49.225572915615956,1,65.28881495780553
93,18,55,52.94873110231607,1,52.10511230947151
94,42,33,52.75656701934563,0,30.87608160144954
95,24,68,52.50154429394777,1,50.44762923353795
96,26,86,43.96947784482163,0,49.074848055176346
97,41,66,54.18545638193809,1,62.64035851015637
98,18,10,59.2704306647543,0,27.499063871586486
99,61,5,52.11554983733846,0,45.09586054175992
100,25,74,57.58909754800586,1,60.63912715824857
101,41,97,64.85530116556261,1,63.41086979441246
102,28,38,22.235894631570982,0,22.961161727015973
103,34,13,64.15195762798051,1,78.16321490866916
104,25,31,55.13641647831912,1,56.71858627419386
105,52,47,33.3256200839191,0,37.11619868311539
106,52,88,62.037063234795326,0,57.08933182190721
107,50,52,44.025186409640575,1,61.645326184884354
108,22,56,46.070503455221704,0,51.34596822435348
109,59,15,42.38480326301507,1,45.62124158518475
110,56,29,54.53598266357337,1,49.73464290128332
111,58,8,38.2197028623192,1,39.28018487090965
112,45,5,63.52211944921679,0,40.816375571610465
113,24,29,47.91706119207993,0,27.388064017634672
114,26,47,44.53696274768094,0,38.44389049249376
115,25,68,61.29313516420955,1,68.2164517793537
116,29,76,45.20664856521379,0,50.3890573144673
117,51,45,64.22265238043451,1,69.52276927257766
118,50,2,64.69389426261299,0,38.385428572692014
119,40,27,29.977942426715344,0,31.797463257684498
120,41,95,66.63890303334387,1,62.517511317692524
121,54,36,28.069460427471718,0,27.253323333492688
122,52,36,67.57370790323766,0,50.580866287574636
123,61,26,80.42535788345359,1,74.10585492322807
124,57,43,63.12251657403697,1,70.01190923637833
125,39,27,17.645290329504903,0,15.082185007624538
126,44,69,65.95348579079028,0,61.3970569234903
127,52,20,83.69193448904018,1,92.06765673847717
128,18,11,45.45452538502956,1,37.80050124392884
129,52,74,49.47945019955165,1,49.98374514023334
130,54,38,32.17269917110352,0,30.317179665795614
131,64,6,54.68119128229504,0,35.375085835618776
132,31,72,69.03765773814693,0,70.68295292680129
133,20,23,60.466056922241805,0,44.73087169536551
134,18,47,97.12950465931698,1,97.19020486691807
135,22,90,50.49540564448696,1,43.75646395770748
136,43,46,25.539899488771034,0,35.511644577709035
137,31,12,52.564564573523285,1,50.327114094178434
138,56,90,13.753223521812657,1,38.56118606470976
139,44,13,42.003441127032296,1,49.81814029939491
140,26,62,74.36573087900318,1,59.13702904219066
141,32,82,54.87700472947657,1,70.06635761795681
142,32,89,52.69125219246903,1,67.15277576340245
143,43,97,77.31170565073035,1,81.01777530723788
144,59,60,45.94100162504945,1,67.84081103385378
145,30,43,68.92730619401163,0,63.91147355894735
146,49,76,51.93960462749511,1,59.93269182287208
147,56,68,55.700711951885395,0,49.423862373307436
148,49,5,31.740427162054807,1,49.300095664377196
149,21,37,42.76929807757675,0,38.860794102077776
150,47,72,29.037226507341895,0,35.644589898330786
151,54,92,48.571323826619825,1,79.3906953589583
152,40,31,55.85603515874401,1,56.43124889447907
153,56,9,33.34942842362822,1,32.317355179777294
154,62,51,80.73768384027235,1,68.49010423397732
155,32,29,54.17159028637941,1,67.55846447854375
156,60,78,50.866933783778286,1,63.46676197836091
157,46,40,61.54486627018438,1,60.09643973014222
158,53,41,37.56607878701117,0,22.118066709409163
159,30,86,52.4521621875118,1,67.03894231106123
160,49,11,39.247006694636134,0,37.16856610005616
161,24,23,73.38019865133474,0,52.04881987662765
162,39,1,34.12040975904378,0,24.62690156797243
163,45,46,50.9474818896076,1,61.54015378777843
164,19,21,54.939736777276636,0,40.97829805421247
165,59,90,55.92238616611552,1,68.85816239523439
166,62,36,41.28147240375752,1,42.39768669168756
167,23,54,36.56735896782354,0,35.65694299006054
168,45,87,41.498072404308516,1,55.043071517492315
169,45,57,57.92488151315423,0,55.06862681667471
170,61,1,47.842313436320545,1,55.35034313566302
171,61,63,61.94313212678782,1,75.62635828162283
172,37,54,57.1550557909261,1,60.95971402496553
173,47,55,15.846309528505884,1,40.766016388138354
174,28,40,53.71246695255817,0,55.79874593884241
175,45,15,83.75682151724405,1,77.7417626427771
176,42,21,69.87903576557497,1,59.894372558730105
177,56,47,56.330197410604534,1,71.83484309150703
178,50,73,34.10911804295084,0,29.021511687196718
179,18,53,57.16330574188469,1,66.13863424905757
180,44,9,61.096249098173885,1,79.81487085768099
181,30,74,46.193799787586244,0,26.18407601741258
182,58,52,54.75113088206656,1,60.81774622336792
183,20,57,72.6449368759406,0,56.10518484699061
184,56,26,37.14088370387411,0,38.8174251985838
185,23,41,34.1255059256131,0,18.750413889197823
186,25,35,60.39048988991319,1,48.33734225920642
187,44,63,56.863139542971204,1,75.63906329138986
188,26,25,65.43257443119218,0,38.01213864755771
189,54,90,58.546907178556545,1,60.65062850930512
190,50,75,41.483674052387094,1,73.74433375391521
191,59,38,56.48288977198107,1,62.738468033308756
192,61,2,32.868101850557395,0,27.39643320209444
193,41,7,46.24521932400509,1,52.02461521048723
194,32,82,57.541988464496065,0,34.73117356481633
195,49,91,44.59228674914165,1,68.15311286851471
196,49,34,87.0207827334474,1,81.00489658597994
197,41,91,21.617236267644998,0,31.595531387216827
198,58,17,41.787644645017835,1,51.43059192974634
199,29,43,35.933302491951345,0,29.343454752592805
200,56,59,39.494767888130696,0,44.77221783953949
201,19,51,40.35502664778682,0,33.86458269183246
202,20,54,30.1036896971151,1,49.81123446321866
203,54,24,61.29053222858941,1,68.34419766313243
204,34,25,41.79357053919348,0,35.4763945764006
205,19,71,52.45360003382982,0,59.7495605923193
206,19,52,43.477613571346325,0,19.32513901094012
207,45,70,39.63679381570685,1,59.817471291526054
208,40,88,75.08418854130274,1,69.28603646592968
209,54,33,63.84398273314112,0,35.80112601902126
210,49,49,21.97699400067283,1,41.31785493989294
211,50,29,20.387938274961698,1,43.64076322229846
212,18,63,65.6391325345473,1,70.11025702650775
213,36,22,42.20219912676869,1,38.12803740659942
214,19,26,25.26376499098666,1,39.821044198715136
215,61,28,65.68602698810511,1,68.45522900881714
216,43,85,52.53686075148636,1,55.999125867906635
217,49,49,53.77356627248479,1,50.63894408907724
218,23,71,62.143089080088615,1,45.61022146511486
219,49,81,30.350342625764096,1,46.64323682912846
220,21,84,25.52748767923753,0,19.66745185011063
221,28,49,73.71431442354803,1,61.917828380673434
222,34,20,28.442498588865615,0,23.50304626163628
223,55,86,31.66643304386654,1,48.43492775650429
224,41,92,34.66346930681351,1,44.86935571481369
225,22,63,81.19918885535783,0,35.741178775346654
226,51,61,57.400749506172836,1,67.82348780456286
227,23,49,64.4811196165307,0,54.66883194635008
228,39,71,52.94251318368093,1,59.60380680189673
229,28,1,40.971691831981495,1,47.928088951447975
230,33,96,59.46936924890252,0,49.36278978131249
231,50,13,26.650760438047946,1,60.41321598514649
232,26,94,33.57074821855258,0,20.50829617101858
233,23,87,60.994627688922215,1,65.05241658573541
234,33,51,29.6411715375983,1,32.70085612747195
235,46,56,47.1637779625719,0,42.80507356864154
236,20,83,47.84731483466882,1,60.78407347945429
237,37,62,42.07006994994257,0,39.26495610433206
238,53,32,20.733222877267146,0,25.097837064544336
239,36,30,40.56606663216961,1,63.19011585311996
240,43,29,37.625474346012716,0,37.09406681869102
241,20,49,52.42159794931548,0,49.415878551258615
242,36,45,51.65735808049203,0,29.673332141276575
243,37,93,55.66942189905311,1,79.06641959927799
244,49,30,39.860205905384035,1,45.70647555780202
245,24,16,57.841669256988375,0,33.87213920225439
246,58,40,26.659899008394753,0,30.038375277727322
247,50,19,22.671429010214688,0,26.254897135600107
248,57,18,14.966409137500577,0,8.564636546425504
249,56,1,42.51054140642004,0,29.62247778547105
250,35,78,38.70052663492164,0,52.032616486155575
251,57,47,61.839734177819,1,50.936501473568555
252,18,66,40.27006119426695,1,71.58722300726073
253,28,92,54.10064521916401,0,43.833338095417105
254,45,94,62.199448648746156,1,47.122175990021546
255,42,38,39.70521386526326,1,39.98528959780256
256,40,51,54.470783151607634,1,52.70061619845188
257,48,63,65.02891323432792,1,62.575163609336535
258,47,4,31.42755837791649,0,25.066646602704864
259,59,1,50.37278507366966,1,28.25159123921911
260,52,8,39.76948425201029,1,52.552786050781684
261,24,29,32.38265176260292,0,18.540420798052615
262,33,55,26.953223892646566,0,42.881837662333865
263,43,3,32.1402714173195,0,23.668368501220005
264,19,32,50.90043508628018,1,68.0786792604674
265,18,10,25.8373331665738,0,35.02215638242983
266,29,74,41.739094638670444,1,69.1022797539974
267,22,83,62.197916102793464,0,43.734890621771875
268,54,34,56.735164451284035,1,55.97558064842878
269,49,97,42.042385655927646,1,58.47145983508067
270,26,87,75.34535620038085,1,82.73505185397968
271,58,55,78.39554620867492,1,69.59082040679583
272,52,92,50.391836473095886,1,63.203293500645465
273,36,32,12.971856261735375,0,22.421866294262184
274,33,50,63.296722955243894,1,57.59944221714328
275,20,7,15.59035489949622,0,8.814094566456932
276,37,93,72.14219166080099,1,73.78845701636058
277,41,8,66.25377351113448,0,43.668674905083655
278,50,65,76.61318756207031,1,79.1454485810516
279,41,57,53.9039833755159,1,69.37085743727351
280,28,67,44.57921349227243,1,47.99897854041973
281,25,88,43.24848299464664,1,52.30339217788767
282,53,87,41.80609743453654,1,49.89552584163725
283,55,59,64.71602980512054,1,82.38248891847448
284,57,72,60.684072342588166,1,66.33933026926873
285,37,54,51.80338450151319,1,61.462985203206806
286,52,67,39.167280381095416,1,56.86138383068283
287,42,51,89.4381894695041,1,72.66239459757566
288,52,97,63.68561920944305,1,87.18550479418184
289,42,92,26.034321203398868,0,36.32742714988672
290,46,8,42.25615976094309,0,32.323985178251036
291,35,34,63.97664146113058,1,54.33575651905962
292,63,35,38.00691618150974,1,40.88413317419242
293,35,96,55.27321938238833,1,64.14753437513647
294,19,88,64.26194450504222,1,63.931054316802815
295,52,78,-0.8264212398458994,1,26.71234592461153
296,33,32,48.37943450316124,1,53.68013705586507
297,58,46,48.96813730347683,1,56.91978836897952
298,53,16,43.81891316474316,0,34.927310786974274
299,50,68,54.52542702419061,1,59.02351879835267
300,21,37,59.862794112438124,0,33.555390109618756
301,50,54,52.130764164869134,1,51.7361732225221
302,31,85,44.39258908925852,1,72.82602183689114
303,38,14,59.48931949676405,1,48.6270828847646
304,37,95,50.73580113911535,0,48.49972355247038
305,25,55,46.539493802067824,0,43.96521019877787
306,24,48,30.31580921991621,0,28.74514985160142
307,20,82,26.560178221008826,1,69.1583796945562
308,34,7,30.031553109288943,0,30.732966484921462
309,50,74,54.17493591830322,1,82.91649844219812
310,29,7,48.81381878590472,0,28.596269373803636
311,39,33,27.79573852688805,0,20.858415164509843
312,39,23,59.688767386907166,0,47.419755280253725
313,63,85,70.61464269768643,1,71.19266497565118
314,47,19,41.02259574925496,1,69.26795212354766
315,55,19,23.88527213947439,0,27.25963990604657
316,55,36,39.36310422647131,1,42.8358099146685
317,62,29,62.81690940192041,1,46.94029061551994
318,25,60,58.22794787802161,1,64.33158801557816
319,44,82,36.16350970982782,1,55.39052355958158
320,44,2,72.81758206647112,0,49.746450266319435
321,51,1,70.22420098889597,1,77.31900623200701
322,38,47,39.00490905085039,1,64.99358756536446
323,47,69,38.8506499555255,1,50.53631465439842
324,50,20,41.10758093930766,0,19.61559645160962
325,45,11,42.39000836917181,1,39.953792834495204
326,64,2,64.25807011892665,1,54.961018006249546
327,50,67,56.37993590714891,0,41.22265247318426
328,22,87,63.156181540258814,1,73.32871215978108
329,36,12,60.1034771478005,1,53.24206260494046
330,21,20,75.71790602290598,0,52.66287272258613
331,52,5,34.10921684286289,0,31.175009880021964
332,34,37,55.70537795575874,0,42.986127803838265
333,61,38,17.392681156479533,1,31.210110608112817
334,45,94,30.245666388547125,1,59.20110044663314
335,47,9,48.877199210977295,0,56.151295893155876
336,46,98,56.27309919131804,1,70.39551786478806
337,63,53,48.47276386955646,1,30.00563092826554
338,23,44,41.49211371780983,0,47.55485257937394
339,52,99,44.158731837604435,1,54.95188815180835
340,58,86,70.54161464636157,1,96.52793422813771
341,54,24,44.23951733179789,0,35.68339317955854
342,41,81,76.23862433065293,1,59.37230522546822
343,46,74,61.910256103117,1,47.70815315197097
344,63,30,56.86306019222346,1,76.8289377228705
345,48,59,32.096046345185066,0,43.00707303176526
346,52,87,64.02857242099441,1,92.97447506816411
347,50,96,42.59344133377251,1,61.00596552262181
348,38,81,32.0834036299145,1,53.57640298116045
349,49,81,57.69265419619066,1,63.11913917650976
350,40,14,29.180809091501906,0,19.407502133158744
351,50,9,38.56637806805627,0,26.258893489449974
352,20,40,49.84826132796633,1,61.09876398722346
353,35,66,83.2763213617209,1,69.79915281173945
354,42,25,39.69626366311269,1,35.655238362816505
355,59,73,43.12675221049137,1,60.46214244538746
356,48,22,60.98517581632468,0,34.03063192122802
357,20,4,31.425564674359308,0,-6.281594912221038
358,57,26,56.64209571531373,0,46.44672176422698
359,63,58,68.08890211424881,1,58.76386067595412
360,41,29,45.39357672933348,0,42.21468291157409
361,49,98,65.39231422095298,1,78.8746381756363
362,64,87,54.37174884817709,1,68.72177453931687
363,39,37,39.03977054294329,1,78.1880636750366
364,40,75,47.032929711552406,1,59.63594635605243
365,19,70,44.30363990029637,0,36.2954242751623
366,44,18,48.68542613275284,1,62.97943728054559
367,59,85,52.29076848829743,1,64.09091062301079
368,19,42,58.822999024577854,0,55.216434886229024
369,43,41,57.63002374380704,0,30.2269527961483
370,34,38,13.524296431067782,0,8.040403740890493
371,57,34,48.540377168419596,0,45.32828349747197
372,50,17,27.35867129889856,0,13.731226256063243
373,26,37,45.86409121299011,1,62.7230316709222
374,60,25,48.1431561828362,0,40.271606553521764
375,56,76,64.64222537127064,1,62.976229825358686
376,46,87,49.548267993498506,1,67.1458355990836
377,59,86,53.8882702751489,1,53.19821067973205
378,43,85,61.89584570986143,1,59.4489235922937
379,52,27,68.4162838972895,1,64.53626456452409
380,42,57,48.15479114964634,1,60.56667376554538
381,41,31,51.41269162520613,1,55.76996044272448
382,30,6,50.15034953363381,1,60.00633440554801
383,24,91,41.86101553353386,0,43.91517191724984
384,53,40,38.463271648364156,0,48.52530390766352
385,62,98,15.921711253610972,1,46.80800215535544
386,37,12,33.850085982135056,0,40.07067730290881
387,18,53,23.320537501852947,0,36.167523879865406
388,25,71,68.82797726679878,1,94.45376146633087
389,63,10,52.82624012446143,1,56.14053986320798
390,33,45,48.11091540579749,1,54.35187048836887
391,31,17,39.23772220878377,0,43.89580332682922
392,29,26,50.44668894851936,0,41.6776701916723
393,40,85,37.280301835169986,0,49.95674308542398
394,32,92,52.610278349309056,1,72.67312715454953
395,45,62,53.6860097438203,0,21.9753839579152
396,51,46,37.079244464648845,1,56.902840002636246
397,19,64,36.793070527663915,0,37.90869424334685
398,49,2,64.43299031892676,1,63.74756418410301
399,40,54,49.20710068563049,1,58.68111980158142
400,39,65,38.28469356102664,1,39.72091150257005
401,42,51,44.442405474657214,0,46.06297190971184
402,39,53,34.84108869940089,1,56.45822863063539
403,39,36,48.99224629007125,1,69.11569011900987
404,59,26,62.47442461496703,1,48.449657064730985
405,23,29,49.58493998608608,1,62.76381488849572
406,32,21,85.45450165513077,0,52.48065745209976
407,60,11,56.320393520735024,1,60.69807685962281
408,54,40,53.44931671763319,1,58.49306201700769
409,50,11,36.37546803551292,1,54.723813292557764
410,25,36,46.42199829736,1,55.182267938764205
411,61,59,38.314792354494614,1,44.53824692669041
412,61,39,17.515321573938145,0,23.521914974830985
413,22,99,64.61393333193212,1,70.06522129461106
414,56,54,42.328241666746536,0,35.73018462208443
415,21,98,38.59399888500041,0,7.218884682098775
416,23,55,53.15855050937697,1,68.90563609037554
417,62,24,57.68749328332275,1,58.09711046819356
418,49,22,45.18837750640582,0,21.31265301302026
419,47,69,49.96097498586472,1,71.10612266141378
420,64,56,61.19281110971605,1,72.56006283238732
421,52,33,44.59709608085078,0,32.32534607767682
422,57,36,54.53500612645001,1,49.34580926802482
423,33,20,25.111330724162745,0,26.335972708875094
424,30,83,31.38021502358377,0,35.221168357667985
425,59,99,59.08309667120606,1,78.68489116552084
426,47,81,30.596620412490523,1,48.96095505764036
427,36,62,53.512063206699445,1,74.90525295199969
428,34,98,47.79501826704391,1,58.29497910016428
429,36,73,44.532991062196565,1,46.108177685674065
430,45,26,37.57305846548408,0,20.06370167796923
431,43,66,63.640100271580636,1,67.79593474443416
432,54,73,75.94836731779753,1,74.61903856831144
433,43,73,54.50288243900292,1,67.83005262700921
434,40,40,54.83736073509226,1,60.514940056361716
435,26,17,39.76504055213759,0,41.355705436712086
436,29,1,32.0585415226343,0,23.518329776691388
437,18,89,49.40391642790738,0,23.639195565239525
438,18,61,35.39375528062886,0,32.585910755656485
439,64,43,23.410848075262674,1,25.93763715996653
440,51,42,62.051687185483736,1,67.93975340271885
441,49,25,62.782501823777494,1,74.4631809017379
442,42,39,37.11741840570359,1,42.5964643400266
443,57,35,53.65946481918866,1,74.51529927351284
444,62,3,65.0292840168765,1,71.24295445572255
445,18,44,53.075400305928184,1,73.00250170711463
446,33,51,32.102680308519,0,33.046978718605814
447,56,94,46.506598801443516,1,52.72564764320355
448,22,98,69.90214130062986,1,82.5592249284563
449,39,12,53.70539965407669,1,51.80669075935495
450,46,19,58.086981547742084,1,62.12233583490459
451,20,44,55.124438290536716,0,40.24870921723217
452,29,59,37.1673296303262,0,45.73062338313206
453,43,49,40.68732171076036,1,62.54693091461347
454,33,61,55.08297735577614,1,62.83583069476436
455,54,17,62.253076700306124,1,43.31046641475154
456,39,74,66.49857426376823,1,64.2970124665921
457,46,57,37.1284168284771,1,61.306431309082726
458,31,55,56.49680802015791,1,66.5495066205448
459,45,47,67.80566167578465,0,33.570611493763714
460,22,12,35.19377344567966,0,10.731006998150939
461,64,62,72.3012070369966,1,74.30569502007287
462,47,80,74.58411241016285,1,64.72148452792366
463,63,88,89.37629509432492,1,73.88018293878669
464,22,83,53.46400161244992,1,71.7580780940515
465,29,8,53.54637014393673,0,49.595572876125104
466,33,95,62.40491583675977,1,63.19543764801689
467,43,21,61.96704009574125,0,42.63591697174889
468,43,81,66.89550291493408,1,70.80528479762344
469,38,87,61.76049770697656,0,47.93820780652312
470,56,80,48.40907136442942,1,62.610520443777695
471,53,70,68.32995681460253,1,78.72996768570283
472,50,72,33.93118775460911,1,47.4263504100086
473,47,25,50.08778505088065,0,22.291117180279663
474,54,82,73.45603424074699,1,91.8281164564111
475,40,89,31.24630252819521,1,65.4173705089981
476,27,12,39.83786514504256,0,20.082553860027296
477,22,15,60.07620936615937,1,62.894424770839215
478,53,59,55.908679598542285,1,73.96136144513224
479,51,26,36.87461888515632,0,38.527748887838555
480,48,26,43.75708995904789,1,59.098678078816796
481,27,47,32.288269060244914,1,49.141865614205024
482,36,32,64.70727499280858,0,62.82667674702387
483,49,10,46.16177963494202,0,36.28947854206561
484,18,16,76.88233866140948,0,44.891576737497836
485,22,71,51.216503660600324,1,71.41900911875612
486,62,17,46.70389544895685,0,36.01253414399263
487,21,23,45.24767358062304,0,38.42181406284774
488,33,26,46.337002472113575,0,37.79999325196886
489,41,85,51.66231642700704,1,69.29891395117262
490,33,86,87.68611364867479,1,72.65849429034532
491,19,7,44.91710494850961,0,18.647488602554724
492,45,14,45.40469808843036,0,48.443676276551024
493,49,79,50.98390768524768,1,65.88779946051554
494,44,7,66.3541175951639,1,71.58553157166774
495,37,9,28.685231583908312,1,27.64502359017789
496,41,48,56.82639105364468,1,73.88002661396736
497,29,72,37.738622359682566,1,50.854454726283606
498,52,59,58.299090334264235,1,56.98736349904168
499,50,87,42.59360086459316,1,59.36306875597672
500,50,93,15.4384649036407,0,17.239430346395103
501,60,82,55.54366404031228,1,65.95451503790007
502,54,95,55.417171555203026,1,65.84520230745665
503,29,94,41.313795372808556,1,70.6608567387431
504,20,39,40.42484209785496,0,49.24586607032218
505,18,99,30.32940912368521,1,69.87986249025843
506,50,18,61.59649912308307,1,39.95309976758037
507,57,59,63.233236737002116,1,58.1649500700682
508,27,17,36.814236722361656,1,27.3582507229572
509,60,14,41.90098310691724,1,40.415068809108305
510,61,31,49.05066318291555,1,51.130149482419455
511,46,24,84.0629792155332,1,78.53710576003603
512,30,99,58.176826213833984,1,63.78908076199159
513,29,60,35.84876727487431,0,29.003682927950702
514,48,45,54.55670464235758,1,63.59599915317642
515,63,98,29.349626890428773,1,37.38171699313628
516,19,3,60.769854648742566,1,52.29899579473265
517,52,37,75.13321090316728,1,66.23103919340991
518,40,43,75.19687527625936,1,69.87441775181624
519,34,40,61.02340255211508,1,65.28124117831298
520,43,90,41.24881466197806,1,74.63090522831945
521,25,55,30.48647365228811,1,59.826598436955
522,46,87,28.996924349463363,1,45.50536192981233
523,43,39,7.906743357521847,1,35.24008108424624
524,27,15,60.407836445118825,1,58.40952685163818
525,43,4,48.457467196634006,1,49.48720843310957
526,51,93,63.63824249679691,1,73.84427950660756
527,58,86,71.42047227852183,1,55.71244060955184
528,24,25,51.49858315853615,0,47.05643545933292
529,21,13,52.18942414569725,1,74.33021998000217
530,62,82,43.035194832538004,1,57.019192009550835
531,28,33,44.80873374241388,1,52.81072262002865
532,46,16,60.92704868709401,1,63.63396681563373
533,53,42,47.38437454452034,1,68.08604704186227
534,42,66,45.214884998707646,1,55.9645053311814
535,38,55,49.72524710835723,0,49.702075215195975
536,53,99,63.29495294092384,1,76.43242319499436
537,27,42,39.61007663254846,0,57.62115275632114
538,54,34,49.00207223671951,0,34.61441596673679
539,26,30,53.67916756667645,1,40.07957930612989
540,41,13,67.40332855377859,1,50.67227307003416
541,52,13,46.41054834800872,1,54.62455654800593
542,52,18,39.232649209224164,1,61.6951455448196
543,53,32,42.734585835914665,1,48.04220151375009
544,35,96,65.7958614952307,1,70.18860624886206
545,56,99,80.49957947905196,1,86.99821711284173
546,49,39,30.293632794709506,1,39.394490388570176
547,41,46,33.57047577395214,0,25.272543895027894
548,40,29,47.46804819946782,1,44.95675722363131
549,49,62,51.66434144102065,1,73.81445164933595
550,54,93,61.80454348332493,1,85.61899985962613
551,29,62,36.6330048709777,0,18.72235254055825
552,30,57,34.05336445025804,0,31.304827235246787
553,40,16,52.071307297004445,0,51.70824339915167
554,42,56,46.123989196892474,0,42.648946434668616
555,52,10,63.900814966572874,0,38.05801515329549
556,58,30,57.31039704785576,1,46.19357732781889
557,47,25,58.33069021449828,0,53.19479062547778
558,34,84,48.432779804347,1,66.22154205161847
559,37,5,85.3337038785231,0,38.43698806184399
560,42,65,37.4337802760936,1,67.11580067679671
561,39,94,59.162147506321624,0,32.977038135582106
562,30,49,30.95465019390339,0,28.172463555277577
563,36,3,33.89798483390821,0,24.602845383232815
564,53,45,40.889816018518175,1,71.12872129773744
565,29,14,74.43985004927039,0,46.00946310583367
566,58,30,53.95841645681028,1,57.33278136539789
567,36,68,41.14282897183437,0,23.740631036940247
568,29,18,55.6165448893186,1,53.204295654073235
569,26,62,50.527218221367626,1,53.2906545018774
570,24,37,42.620399462913205,1,47.357976071409674
571,45,25,29.050567163176588,1,47.08812883050703
572,31,48,71.57813726768435,1,46.247304775416254
573,48,65,53.14727193065063,1,47.97133351115634
574,36,53,82.60607560202358,1,75.49284906494024
575,64,79,64.1048243081132,1,71.16495898509591
576,33,73,58.26979587141564,1,64.10056994926887
577,22,15,43.471935070745495,1,52.82802263752314
578,52,49,33.56981654214625,1,47.59374213452061
579,29,88,46.73403523267329,0,41.981971584040025
580,42,68,33.13561108691253,1,57.70922774607843
581,38,12,59.75285571096131,1,65.34776514235726
582,53,59,74.48978746545696,1,66.25530961814351
583,40,37,46.086316008243045,0,45.89410539995103
584,33,61,64.16736458586796,1,69.75476923796718
585,56,43,39.66156394674715,1,66.45292153677127
586,62,70,45.462997426889736,1,74.06022302611568
587,59,39,37.775540231518356,1,38.360502902026724
588,56,56,18.003004473942344,1,36.01122684828408
589,31,63,49.45199975122084,1,69.16148027531592
590,48,46,51.92677606396629,1,43.91446383069367
591,22,88,65.98791498142457,1,85.99572711764603
592,52,11,61.931573790039316,1,58.62696494689304
593,40,62,62.134293485584934,1,73.01747709388266
594,46,77,35.389456653231846,1,54.230821698008164
595,60,98,56.89245959106038,1,54.322334517693314
596,28,25,73.73890948222387,0,59.92490076243169
597,35,71,55.69801776063622,1,92.4562391856914
598,64,52,77.42890419597497,1,68.76436933443057
599,29,4,80.28449166679795,1,67.31866032494653
600,26,59,45.97297594562532,0,12.395492540142065
601,27,72,39.54590382379143,1,70.48798094645693
602,61,20,38.57806751871575,1,60.4066869877779
603,34,93,27.2579626984517,0,15.59514272867671
604,55,63,42.22395650876717,0,16.76312363391472
605,24,54,68.1149817463437,1,49.965178041519195
606,63,74,16.939436371231402,1,52.32140943934388
607,30,98,34.4381989892938,1,64.46901369078772
608,57,57,48.09302837522004,1,50.513174743922136
609,59,90,36.842221990674496,1,62.41371130916523
610,26,41,42.090710836396696,0,36.73412662810988
611,44,3,42.31505488366545,0,27.78483037329054
612,19,6,46.136896699073766,0,43.37041661638988
613,22,5,39.05817955835392,0,17.979733766896572
614,46,5,37.83180179216678,0,40.89129303202234
615,54,54,64.01464618881847,1,60.12210755426571
616,55,47,65.74481266790518,1,85.38777315362303
617,36,87,29.29184982128886,0,23.29286467582977
618,25,49,8.606039010906741,0,15.687298719452098
619,62,9,65.95062274356397,1,64.46118274720551
620,18,99,31.567993721717936,1,56.2071823390838
621,39,20,53.1911725768961,0,43.503871294629
622,34,61,26.51492190457674,0,16.500636769821597
623,24,35,69.46632477889509,0,47.860038306981195
624,42,50,88.15501842952293,1,80.45882627878868
625,62,82,52.74210363808005,1,59.29366957875877
626,21,62,48.58846027310725,1,64.53481631114781
627,53,17,45.16790637214904,1,40.82025405119672
628,23,88,61.72698966969368,1,66.39895594434
629,48,3,58.51530126401879,0,32.02580938797273
630,36,32,65.05247680329296,0,42.49192910615629
631,61,99,40.58125216102876,1,74.6609806797264
632,56,13,55.101765596069676,0,53.515440059608835
633,44,89,41.86297899940706,1,72.53565410551573
634,27,73,34.13426527894919,1,49.74455983866608
635,43,68,49.38476868494804,1,70.5685671104761
636,36,14,36.16230904434377,0,30.604775791429923
637,56,98,67.60590496613882,1,74.0588495180995
638,20,11,37.071194329762655,0,28.861983688689637
639,62,56,55.4531891103104,1,80.91077312894646
640,30,67,40.948665518604166,0,50.83271881486672
641,45,92,54.155941256562684,1,73.72693481275232
642,37,29,42.14005139816965,1,52.267016043978565
643,45,9,31.14183087713694,1,46.86652302111409
644,25,67,57.25659111427768,0,50.63396160251619
645,58,25,46.468765671301675,1,50.51829371711061
646,56,98,54.28977411083689,1,76.32804421506349
647,18,76,43.567355965543435,0,30.17122686834265
648,20,42,30.08095229347322,0,33.158913026710664
649,30,9,66.24767895584384,1,41.12668397999561
650,45,79,61.05136633161632,1,62.919497899786855
651,42,40,41.49558536670134,0,55.5245640125451
652,50,25,51.04668820248197,0,48.38525904516009
653,55,5,65.63029224744406,1,78.66983062306727
654,23,11,43.14442496206404,1,45.9991358074882
655,61,59,45.47173242214173,1,59.67359457907522
656,62,98,53.654487500110605,1,79.44716628099835
657,49,88,43.11363404668121,1,66.68776637039439
658,62,79,62.856379954805334,1,74.41384875098586
659,64,38,47.46648829538843,1,73.83906385099485
660,38,72,38.23946187509039,0,25.915181281405914
661,33,5,59.129582448109915,0,38.22241082959993
662,38,48,32.8680402585298,0,13.69316450257136
663,28,90,80.2231784168632,1,68.16052868907559
664,54,18,73.73744545370303,1,79.41057664864123
665,53,70,57.70243215381523,1,56.67772341498639
666,52,37,56.43996532729853,1,69.27522520490024
667,36,60,55.73662126728948,1,80.45316105332554
668,37,48,42.6635782112164,1,54.35240735568881
669,35,77,54.45964468521264,1,70.12845674060443
670,64,28,36.15301084313228,1,58.30962671699533
671,58,69,57.55727627660272,1,53.4636875076357
672,31,77,63.01770414546943,1,63.04432861972424
673,32,81,44.32870848524998,0,30.227742125906975
674,48,40,41.073473087679204,1,49.169505443009314
675,18,45,31.812844630281354,1,57.567529295951665
676,20,96,71.86932850348536,1,69.58269694231977
677,33,62,42.26503949236683,1,56.980987476865245
678,40,93,47.018914459750654,0,32.38484106056296
679,28,58,54.502333774935884,1,75.31538853280496
680,29,67,54.23311464334902,0,38.365457419441135
681,27,56,61.19840143521605,1,81.42900623670756
682,49,40,44.31005120242507,1,56.76431653970614
683,33,98,32.919980922936304,1,42.189994681837355
684,25,40,30.295020365415258,1,47.43724271725139
685,55,91,41.3111715073573,1,49.12781747901701
686,29,77,35.72224287988064,0,41.45461521372185
687,41,33,45.44574942038363,1,53.40924688692315
688,45,6,69.61368216139974,1,67.03894363097342
689,25,88,44.340826911744664,1,57.276882355406705
690,45,19,44.33523707998165,1,48.51419550135757
691,53,80,49.75401835616317,0,33.14078908192532
692,43,40,43.915625131819006,1,64.3200419341248
693,25,92,48.98913146422709,0,41.96303471411657
694,45,97,58.113038337220196,1,65.60961023162626
695,45,59,63.27126582144971,1,65.55349392630325
696,54,59,65.04819799608535,1,61.63548106318492
697,58,48,80.8527833109653,1,72.11287738772239
698,53,41,58.54039169258657,1,65.42649399322816
699,44,13,83.51718352023964,1,62.71722176955216
700,34,45,38.35277287910535,1,44.78286650876059
701,26,89,81.36927353636878,1,93.36747770441113
702,50,53,44.294359186706146,1,53.81961426535751
703,37,42,45.76971603855447,1,51.56924993003714
704,30,63,48.2019117886569,1,46.96223983873569
705,45,27,46.72068933261903,0,44.56712104105191
706,46,38,51.28760595089755,0,28.884544840340343
707,30,60,41.29957996267341,1,56.49686337172213
708,63,7,62.44943259607058,1,44.84286560486939
709,52,5,41.70747448068231,0,39.535465243982316
710,23,45,59.83415597379337,1,76.18564042308249
711,35,58,72.91585429285647,1,77.10313060120838
712,22,31,44.643464452883904,0,20.07693091238899
713,64,23,61.91575126968766,1,71.64549707393613
714,42,42,58.38738933354777,1,55.12020467037036
715,19,10,83.79330323329626,0,41.186932829432
716,27,32,42.42754152732575,0,30.57916030608634
717,47,53,61.926074252086764,1,62.22936039257849
718,62,30,25.609833623351705,0,20.754430299872958
719,22,39,42.562123838947805,1,67.91780439852084
720,50,31,55.30089256395362,1,80.86870624640308
721,18,82,70.89739953634671,0,39.95733439467871
722,35,2,31.61099952523696,0,19.117175819372576
723,49,78,61.79135961111666,1,70.1231631660079
724,64,77,49.05164815275562,1,58.33865916700554
725,28,93,27.17708519911531,1,56.88253009234281
726,38,12,52.72380268923185,1,66.72175490407389
727,43,39,75.63741849467317,1,79.21236867003701
728,42,66,33.19366010132575,1,59.29416572916119
729,39,96,48.35093426944725,0,60.36642234392086
730,44,13,35.200415230406506,1,33.010734786042164
731,30,46,42.97125602134976,1,70.88671593022103
732,50,27,71.4825521528695,1,64.31135973553731
733,51,17,45.92713286762926,1,62.51481864057091
734,58,95,71.0234860627299,1,64.7150807485705
735,52,98,66.6358107189738,1,64.03294144055413
736,18,60,44.55893129773328,0,44.90063856368691
737,38,64,42.46100809090651,1,38.3432038179548
738,23,88,36.56001789778247,0,46.97442973177436
739,45,35,36.036782087098935,1,64.11802606696536
740,34,70,55.29811091761765,1,66.42690399709842
741,22,83,49.703220271775514,1,64.56922049167332
742,48,30,40.6459184760619,0,24.986597788946426
743,22,71,26.768556168150816,1,57.228772108112096
744,55,74,51.592681517333176,1,66.67299322274084
745,20,96,42.95671731408,1,51.86330469680177
746,40,98,47.07053456626859,0,39.42046778225238
747,54,63,54.569927430471225,1,61.99160946827758
748,54,28,12.472957079182052,0,15.108456574399156
749,27,60,27.00088094436313,1,35.87132633868182
750,27,79,84.44664615207782,1,87.11352616187786
751,36,94,42.400842399505734,1,58.16531664073392
752,34,37,12.238503464037066,1,39.972899490951626
753,38,93,28.250897307256214,0,27.642782779653842
754,31,22,87.2670105296215,1,80.58622000453065
755,26,68,39.4550380959524,1,58.514480891790235
756,63,20,67.38522867345735,1,77.82045822803285
757,18,96,51.81676997505808,0,50.31437211691888
758,62,68,42.72549443751544,1,56.13590320038661
759,30,91,61.63168206144639,1,62.51867285569758
760,21,64,14.234649869655676,0,32.17685177399429
761,18,17,28.38301070215096,0,23.0657443632109
762,57,12,42.61473481790659,1,50.790191742991084
763,49,22,29.856434025955878,0,25.40850095005119
764,51,17,41.288333172440424,0,28.328089479648916
765,45,10,62.80569568524242,0,40.85745790032252
766,48,65,51.98205082003972,1,81.75310103734563
767,25,22,69.95925553264384,0,36.701407225045
768,56,90,52.93062926527617,1,57.320272525021984
769,43,82,64.8869124724179,1,84.48670041775145
770,51,50,49.038945498072536,1,55.77142890408555
771,20,14,41.145867749603255,0,27.466721034052675
772,29,64,72.20852083312832,1,82.8528989842985
773,18,47,39.359745680958994,0,20.17791666766199
774,61,29,55.15767234686449,1,68.6933804659663
775,22,76,61.533460448367094,1,68.82289451739899
776,47,36,62.62239056706285,1,69.5592165918512
777,47,99,32.518359946699704,0,40.61948952587111
778,34,52,65.77925608742399,1,61.80980217888562
779,64,76,35.31567130839095,0,45.76967345569454
780,40,7,62.16055483024991,0,36.27890030034426
781,32,29,58.02760206573649,0,46.00229122285566
782,54,11,62.27945992669848,0,54.6169748186406
783,38,33,31.924947183514586,1,63.051490590221995
784,31,6,58.81894614101587,1,57.338209711101015
785,19,79,66.28390514612258,1,75.67330531547138
786,28,32,52.90093674742611,0,36.055580471676855
787,56,51,37.72074980593135,1,78.99833717565342
788,55,75,63.79621421491986,1,77.19936716619812
789,51,58,51.70879442151155,1,62.49498156912513
790,55,87,24.88333604258456,0,34.26728975586971
791,51,26,36.55715806525009,0,34.94963318708572
792,35,98,42.10558203159539,0,45.22022642363251
793,47,46,72.58727431459485,1,68.49365498083186
794,32,98,69.95274629459321,1,70.83310015494486
795,44,29,69.90452796585014,1,66.33373036566013
796,51,4,53.485404165258,1,45.74578503215692
797,55,81,63.703921876687986,1,77.1347050080886
798,50,99,32.888308869711636,1,48.32710400836609
799,41,13,50.10204647589157,1,45.75152244809861
800,32,39,56.774490524743946,0,42.14370059673049
801,47,15,33.8765141403632,0,27.13703077328273
802,59,29,53.148681344628045,1,61.97068543020391
803,34,29,75.29958778706516,1,64.86774019956849
804,22,75,58.3815467684094,1,62.76534780189497
805,46,32,63.763178099961806,0,52.00278410086581
806,21,2,13.213896148516064,0,23.11912007920997
807,27,47,73.36953273729387,1,77.28001683041371
808,34,78,47.20816478371746,1,61.74375851537354
809,27,84,38.46970528894936,1,59.32407887779743
810,34,22,47.38043222285105,1,58.194604988530564
811,37,75,27.724667625786534,0,24.801916414803504
812,41,27,65.71913092628213,1,80.30003146460209
813,22,67,44.96906415839311,0,52.50041240407355
814,51,81,38.92053781960896,1,65.50272481981415
815,23,56,47.47917401467453,1,55.080971143321285
816,19,92,66.77023481864211,0,57.97655858882256
817,30,93,51.97187601171831,1,75.06963738355687
818,60,21,28.854593456997996,1,34.29532771128756
819,60,47,56.974712446116236,1,80.13247384004309
820,28,80,36.06530068516062,0,18.63877423102236
821,64,59,17.658484529377752,1,51.77530046177963
822,40,84,72.44010819075767,1,89.15287715790353
823,33,6,56.85844812241533,0,37.898589420937355
824,48,19,48.82594004294878,0,34.80832602324366
825,28,57,44.81585727954952,1,64.784536566244
826,33,69,70.95619251099974,0,70.8969151748386
827,25,3,96.30732725297608,1,75.64298724707437
828,21,1,56.73170777849775,1,50.656301970589425
829,57,58,34.555479765081856,0,28.839985326461
830,21,38,47.68301721698036,0,22.116368685627975
831,42,15,56.45859008141073,0,48.70687402785693
832,20,34,14.757075395122015,0,15.637707170422411
833,49,61,55.017488026671764,0,41.52535247268033
834,20,35,56.54637694239618,1,70.86939978538815
835,44,64,69.8951329698083,1,67.57846324080566
836,46,25,68.33184953559581,1,74.25682872168187
837,49,24,51.667582404343044,0,27.852906164008658
838,36,12,72.71955359870537,1,77.14697108259267
839,38,18,80.53517478558135,1,75.48663760544538
840,22,15,50.4192718286669,1,55.823845606136764
841,35,80,56.272806177016236,0,47.445337967946074
842,45,27,23.490539703341355,0,11.577656905143312
843,59,72,28.23540106338368,1,52.39770797116154
844,39,60,37.42705528985722,1,53.29682979136257
845,38,46,43.3457254322442,0,23.678536611746463
846,23,89,33.558154628928975,1,48.968323045399046
847,18,17,49.46006882034137,1,55.13758183064551
848,22,93,43.79436248488072,1,55.12425939296195
849,58,53,66.06342847009424,1,44.21057518454295
850,29,8,42.87839531774438,0,43.00307305496085
851,43,79,15.699230776767585,1,44.32871663748714
852,63,27,51.8862675880313,1,35.9036317016502
853,51,46,49.78702963382991,1,80.84314421370891
854,31,50,37.069251778932596,1,65.94854920259819
855,43,71,51.42499825245555,0,39.322678615544426
856,62,3,33.87103117660497,0,18.810540674635476
857,44,93,54.94759930435014,0,50.805711759780294
858,26,64,89.49386655394777,0,63.17020142581529
859,43,44,22.915917906398505,1,51.278858201202986
860,64,53,42.256368694862594,1,48.03198161488081
861,39,24,39.85242317826296,1,63.30393179884781
862,64,60,43.501101747686846,1,53.015929642087926
863,47,3,65.29886869395462,0,49.757091833532975
864,60,20,58.14239838978537,1,53.10180659032245
865,34,46,62.73149753909635,1,92.44718862708305
866,43,15,50.457432571303976,0,43.68394977530457
867,53,25,30.168510200827136,1,76.42657786615004
868,18,94,33.27971958110031,0,44.31587955381062
869,25,78,61.19389561199888,0,42.78230423731261
870,52,71,52.56247847619946,1,71.67504717399169
871,32,17,68.90311109118258,1,75.15733372752345
872,64,84,54.39893154870195,1,69.3327072193286
873,39,9,32.25477510001812,0,33.331312270329626
874,31,38,42.171472787252675,0,42.5030076877031
875,43,48,58.472212245243945,0,34.09929601496456
876,45,60,60.65498744357939,1,55.67890967449017
877,40,63,62.82662948232032,1,59.771144755015825
878,31,86,34.272138301922105,0,37.01149309466615
879,41,2,31.984547508846127,1,43.96056203968886
880,19,88,47.15296220378869,1,52.62077544266486
881,62,72,71.60110274800182,1,80.75369347919738
882,43,11,39.591975187879726,0,33.72643579530466
883,31,64,56.824578359014595,0,46.50157909321584
884,24,77,56.82591708408447,1,63.53306549030288
885,20,81,61.4115912450592,1,65.02351459887387
886,64,72,74.96660380922316,1,66.26999028652182
887,40,21,73.4285963714916,0,58.15170111111918
888,63,18,41.08091249240742,1,45.30552742967184
889,60,94,18.53156838036989,1,50.75968885711311
890,64,64,39.82205996952886,1,72.93113394748477
891,62,82,51.13508441070853,1,60.44496475846076
892,35,95,44.57532083471514,1,71.39468182454951
893,55,38,79.51848414392202,1,79.24633223231774
894,52,32,50.28170456474674,1,61.45552791498391
895,32,11,59.80567820384291,1,65.30632352096899
896,42,45,53.25821464471015,0,40.18004162964577
897,54,89,44.80050224763767,1,61.64801081175324
898,45,33,21.12782483056,0,18.382772933022757
899,27,41,48.82073542187772,0,38.92493892227975
900,56,8,98.8197093973119,1,74.35759474082097
901,34,11,31.33312400243249,1,56.823112931982216
902,56,86,22.776904334386632,1,32.993477880408875
903,39,51,79.04583953853366,1,79.43345268052165
904,43,88,61.13124454804002,1,72.73148928824281
905,61,41,52.81129820785155,0,42.96580874568611
906,42,17,70.44010793550586,1,77.1650434564078
907,34,76,37.52747085565855,1,53.502499527399806
908,30,46,48.40107858628022,1,61.35487773886061
909,37,32,64.32731175351235,1,48.19823699489166
910,42,79,81.65531551730594,1,74.57448893730074
911,21,80,32.47183528015087,1,62.79328195182768
912,27,54,69.21101687840591,1,56.61389108383814
913,20,86,55.72758591261476,1,68.06122662681481
914,58,92,52.44591601144124,1,58.64778728688266
915,62,20,49.88406166617893,1,55.83216111537211
916,35,33,29.23030068958095,0,21.738375457174506
917,64,74,64.44633497319549,1,57.15121144366343
918,53,40,38.26596469510508,0,36.99301549715055
919,64,32,33.80463946246479,1,49.606352110984936
920,39,97,63.28188438350507,0,57.467233388624535
921,51,2,61.83701037720018,0,49.062884268588704
922,64,97,51.18500125416594,1,77.54508799797313
923,25,33,66.19315431217461,0,47.731444610513954
924,57,77,71.38904872218673,1,86.08073460712546
925,61,30,69.62336116738311,1,58.05393550978201
926,36,33,42.0758153989703,1,63.427505991766466
927,59,77,65.21157396919568,1,74.89969114787638
928,58,26,53.174614662629736,1,61.51823385646274
929,54,22,75.88861655528561,1,74.59163061927399
930,23,66,48.1440749559924,1,51.06464869464158
931,43,38,44.65292543947504,0,24.15899462048729
932,51,90,40.79304684735685,1,76.4948052844484
933,62,46,52.839318413533334,1,59.332437424793966
934,23,15,57.00088201388156,0,38.170506788873766
935,54,98,57.289434243909064,1,57.42162237954161
936,50,44,55.237588104677855,0,27.201010997370556
937,39,49,60.065555190197095,1,64.04958880697572
938,38,75,46.66187246128403,0,37.41505701555473
939,23,61,36.91227026612193,0,34.573478700485474
940,23,67,35.60258004629528,1,55.37282942696939
941,21,6,64.62576642955203,0,67.80749402738294
942,47,9,57.054834657924346,1,56.041617521572626
943,28,6,22.16243343574514,0,37.48061779730704
944,47,73,66.4513014019991,1,86.945892851449
945,48,95,78.20652719603983,1,86.13950645073974
946,41,32,39.261247238622005,1,50.47936029381989
947,26,41,55.04240069414062,1,48.006476985743014
948,20,76,42.898128595514606,0,43.82850307109637
949,48,8,59.4246038820675,1,70.70042273804319
950,57,72,32.50986666387162,1,70.93180797476566
951,54,50,48.92831514351829,1,49.964578029291324
952,53,92,64.71971191998172,1,69.1245920681382
953,41,62,68.53567608948259,0,41.02919214051283
954,48,84,56.39743728379533,1,60.26393871752844
955,23,62,44.91432045185391,0,45.301035568283226
956,19,7,26.110983734845874,0,16.96244417376558
957,37,75,38.63675433141077,0,28.575665392535292
958,45,84,42.96089892867829,1,67.8504081015619
959,28,80,39.53399325047579,0,42.27438452567336
960,21,4,50.89329452470423,0,39.34675924170386
961,32,6,44.871683957430726,0,26.5069683967247
962,23,58,52.58182058503164,0,55.02114307466283
963,47,22,68.03940951571495,1,66.36460673105539
964,55,26,43.90306668155958,0,58.353434728327485
965,19,3,29.256995341186627,0,26.540159365293757
966,32,41,39.47438602812687,0,10.503714595591834
967,28,60,58.75382704959908,0,21.59815817703085
968,25,14,60.1691567742901,1,67.72407780559973
969,43,75,56.09127795524351,1,78.55058050092981
970,62,82,69.51105958832024,1,65.11724849492163
971,61,12,47.20455395184522,0,55.81206470369412
972,22,87,80.78249222013986,1,95.72123548001096
973,23,12,62.27280704158861,1,64.44187115520579
974,43,13,12.147687946881838,0,22.768383397002236
975,21,25,77.00987944945349,0,59.950241898611914
976,36,45,38.49520084796417,1,72.64754939718725
977,37,19,34.48848215814604,1,55.965600746528835
978,50,55,57.85656664749341,1,66.3075998464582
979,37,45,23.927292914951845,0,33.186658433342416
980,29,8,39.5679615301758,1,55.95758357958016
981,64,93,73.35647810936311,1,85.22234092743149
982,18,53,58.34326368496254,1,48.77139891168591
983,43,55,62.183596714088296,1,69.75033285651871
984,31,32,40.14634099253789,0,37.877575572066306
985,55,51,26.924450015478453,0,27.83375333721751
986,54,44,60.60226143970601,1,72.5427951620286
987,28,82,63.953842343629255,1,89.38859737750504
988,53,70,63.274900791216645,1,70.01962170665273
989,30,18,53.13603845176798,0,45.28523003296088
990,60,83,35.49397634791894,1,72.109635778475
991,20,22,86.56654382089596,1,77.09891696986654
992,50,37,57.19681164476263,0,33.41377379879323
993,23,96,47.39170037616248,0,49.45363867896048
994,27,56,47.458261437749485,1,37.312469350893984
995,22,59,52.243962171103306,0,19.03831070592485
996,40,3,66.04412393236971,0,46.652182437347435
997,27,28,52.844421849581785,0,15.772507093972223
998,61,74,62.87769730171246,0,35.68717122657432
999,19,35,52.27096531839811,0,35.83449702409583
