Claim_Amount,Driver_Age,Vehicle_Age,Vehicle_Value
4752.355751607473,56,10,65316.05348415249
7455.467256413703,69,20,10090.884286515127
12125.179636676568,46,24,49832.37944865238
1837.4190559596755,32,21,15677.843165595394
13034.076706636739,60,16,62069.68789561346
16455.401042037854,25,12,67408.1243083888
1875.685227118534,78,0,34186.490587588894
3815.4967458147476,38,1,61897.78917528482
2716.0931965611526,56,8,3344.7264405658893
1899.8769694786656,75,2,57936.44346634271
2223.640132998578,36,0,18317.885822169876
7339.501135270924,40,20,63882.98772104765
2110.580891612931,28,15,3075.0474691673357
7395.253349374656,28,22,40264.176247663716
7295.1308168906035,41,5,53694.59885359062
3602.7160009903273,70,16,20332.118156759836
4020.211622416691,53,4,15939.901927348636
2455.3116441437965,57,4,8634.581039354973
885.279114147222,41,5,24871.04962572063
1564.2013145380622,20,2,40509.56892469157
3346.6676534585827,39,20,10761.538404277264
1996.7284243704835,70,22,28238.58925311552
2503.192569293446,19,4,3607.8511117325725
8028.112020884601,41,20,57851.5211734894
2570.4141517838793,61,4,11606.064112243821
1961.9477611257064,47,9,21983.977533793968
3590.193631256004,55,9,4234.657155460571
9556.433926952837,19,18,31960.132520798325
19787.895776727783,77,16,59288.14068366166
10328.271870690862,38,20,29274.13116682817
926.3980975596103,50,13,15026.320669396839
5962.453082887149,29,8,53497.821881384785
1281.0060882566602,75,13,55850.06778533987
3290.328217313095,39,0,14641.482845606975
9679.625458104358,78,18,54647.225272246316
3883.608466710923,61,12,66468.95851317464
1163.8515190795465,42,12,14147.298324462246
9152.278071939862,66,3,54655.94759965308
4931.118718311949,44,0,50474.32430837617
6640.554952363853,76,16,34729.450525150925
1223.1820699218174,59,7,6880.670857439485
1086.385498531565,45,1,8004.525989776219
2889.5121180501806,77,7,60111.78216630939
6142.466174794457,33,6,69339.94097429335
5174.942418389764,32,1,48295.50123151255
2922.5961643044425,79,21,32879.20656969154
6529.559332221815,79,21,46387.43410792781
2583.915474719761,64,2,42824.52256831254
1772.4457816418824,79,17,28702.02144717666
2001.5885664908258,68,11,7396.951686458868
6704.401033333228,61,0,58041.36747629855
2243.949264327588,72,21,27912.846458994547
7384.747064065782,69,11,57858.638104925274
1791.447790957668,74,4,19918.086229121607
1016.6670679769946,20,24,3068.9751496574377
5598.300383702335,54,16,13648.864979542686
3514.480021303055,68,15,34392.14092349515
19255.290898889252,24,14,66268.34354217461
4772.6356428375575,38,22,9846.972519479172
3173.7943305197136,26,14,60232.05488892492
251.766701654682,56,4,38310.61444619476
3786.23929532075,35,20,58336.69130859307
323.2504762219112,21,13,22991.086876329504
6962.478127140595,42,1,59276.46003305561
5840.025391483311,77,10,54779.1262611259
1422.7558232264669,31,18,18413.59676310607
1602.9303084489477,67,6,11799.45346942833
8074.073260665524,75,5,61159.63960966362
5186.289778491101,26,1,67536.85578048884
4073.820076178136,43,5,5097.255021083588
6405.484341118837,70,17,51995.09448723694
6433.69530977119,19,1,63938.14223350383
10739.171172356682,37,17,60443.12617019741
7458.8171869170665,45,14,67622.87164210397
2848.7092457524063,64,18,53926.30325535251
929.8833805726575,77,1,32634.01707952099
9747.467644040118,24,19,23900.78336317374
7266.250976904045,61,24,24489.76360935454
5064.374726356207,78,5,51536.319065145835
4440.868520362159,25,0,52971.07980607461
5448.329894913993,64,23,16424.062617763746
4848.049989088481,52,14,61164.228503865575
12103.822363629342,31,22,50899.91069355059
4713.690240718606,34,9,40704.26918500664
8878.285205055607,53,18,34592.67482686835
12989.14685266248,67,16,39396.5979879272
945.9320890453228,57,4,13669.46446471072
3318.8691134983264,21,3,16647.98370151037
13162.745066243033,19,9,9108.020857214842
2467.1587732076014,79,23,13295.08855679455
5172.521622709935,23,16,33397.47351855394
3889.121911592631,71,9,38533.744379793156
3098.824067383091,59,16,4196.746796047398
33477.61951890753,21,19,56385.454466889845
6565.486428891685,71,23,22709.254214013017
5782.8797943614245,46,4,64093.01434231404
16094.319954834073,35,1,67823.2546621231
2411.9166168941447,43,5,15425.744603335841
4096.86413636875,61,20,33960.51848129927
3284.245739006121,51,1,3082.5329561505346
7956.971247854632,27,12,43087.92676320261
7196.132508887892,79,10,43689.532033598975
10170.395682427752,53,10,19585.177025426136
2170.054981394032,31,15,40413.64906307426
2560.837287183958,48,10,18111.189543730274
2895.974008566632,65,18,13775.306428238735
2632.146615140359,32,14,46651.80427575173
6999.247520127553,25,24,24837.006084789016
9983.191375669745,31,22,42547.68390533671
898.2998012456745,40,22,32027.532181100927
15933.616563935379,77,15,68951.54429599456
1507.4319609827214,74,10,13021.903058726906
4681.589735558399,79,21,34128.10597459928
12433.082983176204,57,15,48590.59396607479
1920.6596531286848,38,7,29501.5206199579
8759.174103737816,33,3,68304.89007533621
2001.0030501917038,62,7,51366.47107110465
5447.390456957583,35,3,47017.91845682103
7177.583021898615,64,23,53722.97092995196
15932.857406543377,70,24,66827.45874859404
6346.670481791853,41,2,63823.84974997089
1970.3414264505943,43,2,51527.115644469595
2599.5412772364502,42,17,53193.82981978597
800.4159745628466,77,18,12776.778960354746
2525.9082222289803,77,18,9887.091101008602
5520.2946441481145,77,20,41250.60162355901
1684.2088024771701,62,4,4230.63167501618
6321.265596154497,58,17,35317.87756395663
4557.663795230594,46,9,17093.421854564196
4176.051620987459,32,21,26183.11003220425
3970.361950989449,62,20,54978.91729812806
13419.143801822695,18,5,66062.91278356989
2971.8746137664916,42,0,7851.89023380488
3448.162579224503,24,4,38794.227800421824
10852.613465538298,26,8,62129.7435499132
2194.889437320326,41,11,8528.071807508226
5147.237900991227,18,13,58242.44114208787
4732.1867944734295,61,1,26972.69051219418
14253.859809790856,25,16,24580.345048695468
8143.894293428102,41,13,68490.24788309065
5444.201605592457,28,12,16457.55902077371
5349.341473111324,68,8,49443.99403511962
2841.1503095566345,34,24,58036.52877666105
6851.344402350871,25,14,5759.294183711202
10192.431223978827,52,24,47915.825709745615
28113.194573637917,52,21,66753.8482818069
2048.2903078685968,50,14,11322.737770779977
8286.216642362646,76,23,63046.82727989757
3301.547972462043,22,10,42850.034704254715
5556.382945454103,59,15,44312.50698478576
5436.572307902488,56,16,44067.2597159956
380.02712988993693,75,3,23022.004384600026
17137.717359479866,58,0,65658.52162506379
3085.8537140652106,45,7,66472.4809962796
11369.902009427366,24,16,44895.4122343345
7850.09541951513,26,2,55489.32263808818
20816.383976640158,25,19,44021.28505403759
15847.162319870651,29,14,35454.69598746072
2756.2125606532823,51,14,47274.9479260498
3838.8438786298875,50,23,40051.09732366121
9435.395423702066,65,21,43030.88279633931
2937.857545763602,72,13,55516.78107906375
23203.88473846091,40,22,35220.55670708198
2614.5139036708865,79,13,5730.525108195676
9371.655695945548,41,23,13987.965226296315
1537.729444551593,54,1,32386.68350479907
12762.749967333724,52,12,51563.37951156191
1492.6824941644777,61,13,42749.66943678197
8337.622382676043,57,23,46569.71045352141
6675.606131730222,39,18,35111.68821461125
11840.85178891445,44,6,44254.71547013027
1608.5887592177994,52,2,25044.168333582365
21128.844549894227,18,14,34502.23371067656
13972.754796346933,52,22,52866.69739486203
9793.134908170554,54,13,61412.796191199115
5729.7765752760615,64,10,32054.907375078055
2954.975476188598,31,14,5925.3310663932
1017.0719919784678,20,12,13832.060457835778
1658.8783305483823,18,17,4397.696332533053
9192.154287041974,22,5,46768.62228890112
1638.8445520764262,43,2,25265.079898792297
3379.843964422569,72,18,39346.068593197626
11877.409692661462,31,14,36049.548734514574
4317.705031657205,56,24,8462.274800012588
13975.197807828043,44,22,30018.51119529673
2271.7761969668145,26,4,17777.595369795657
4159.538059930623,32,9,31032.785840732733
6071.936207406151,32,6,16639.744782930262
14897.68213913098,43,24,59310.31122055455
10525.969425335748,59,16,14670.953550742994
2365.7568072692125,77,6,67372.29694962746
3039.9436130759977,30,21,30865.793531845033
6979.965714895263,68,11,59698.4345652763
10579.08010192305,49,24,45127.242819798324
3239.41548068613,56,16,52268.47001060543
10120.365102693393,66,12,54437.50050047428
6848.338379006895,69,19,36824.60708683219
3410.11778169203,78,24,39401.13506534032
4154.07757239871,49,3,37437.72314318457
11184.460153365011,21,9,42399.911332035306
2141.6768875306925,47,2,4969.427865685989
1524.9129024167246,54,8,29499.516379884022
2317.050157698696,40,12,43614.64380859849
9242.092125558685,56,17,43047.478872142914
7001.393986638317,62,14,56128.05833857731
3900.810434825287,32,3,46885.62570175127
5549.662961232542,60,14,69472.93219482504
2930.6791711789756,46,21,22018.253416779215
2034.4271161594138,53,1,27063.11898763751
4548.823569802649,30,14,28717.75917514235
3861.0875032679746,49,7,34209.458070356646
3877.9026409218254,24,7,59011.87027334103
1320.614001387911,76,16,18798.07029526706
5242.925509706067,68,11,54992.013871373776
6347.510015427451,39,18,30155.78226674481
1758.2399565039389,45,9,43324.31070535457
11967.898654891136,19,8,45380.21572616251
2246.006754278909,59,4,27980.85869165861
5139.249700297647,62,5,37345.218748788946
6150.964184331299,79,19,30673.0887013957
1623.0320121931381,74,1,7631.896674503503
3836.8321609223462,70,23,32290.081050727378
6574.447446013306,23,12,9525.357301087995
4875.092148213137,45,5,30136.39353838154
5311.144575246052,45,4,42725.53278872938
4178.209072881402,61,24,41820.798256014554
5007.071218577942,61,0,47395.625693557464
6513.040585976487,37,20,9382.521032959961
4030.7190607975003,47,21,46692.257450539335
7071.716417476596,79,20,23913.919798661955
6087.510075593398,28,5,29736.078391186442
6041.162430621457,75,5,60485.07901282129
2165.5967104725005,72,22,3605.037076679867
14996.01812897224,45,15,42423.64643382056
2489.85564364563,42,3,43113.836666707204
3941.279251749641,56,10,29576.20501501865
2840.6220893312507,79,23,18880.866426258523
1567.1638932114874,50,22,18723.160563523925
5026.758500997837,18,8,62208.54786727043
7251.083381442755,74,22,32615.633043451453
8480.129363974447,44,2,25169.58732027452
6373.3485901679605,79,18,33068.09744670401
5529.051945026781,74,7,47849.15689777721
5633.198858809065,69,4,12765.690072398364
1990.086414931111,30,3,33112.06695932042
4121.709933606791,58,23,42388.25286439592
11416.949031530095,20,5,66555.08477504607
2503.522136395118,56,1,19919.36139905309
6997.556755097559,23,19,27069.800110388453
3492.2437760921302,25,10,28417.025524802393
4930.858958815571,44,3,43571.05656220715
1355.3427994856213,26,14,26901.04755368011
7002.453990391178,79,5,38745.2989950796
10591.61885461947,54,21,55379.95209961697
11619.97668426947,50,16,50260.83480551764
5951.45080996831,68,23,32906.699316343234
9831.717355996132,59,5,60902.48390416932
5629.087748914632,61,18,40395.39672278881
16228.540603299029,41,24,39173.69124664824
1085.6905165914916,32,1,5290.580317923597
14389.07774670755,76,14,69108.42968392982
4215.5234741823315,71,10,11239.04417148499
665.4099710313391,49,7,18485.77113265232
1813.0386917654575,49,18,6463.688095182306
9313.499620595336,41,12,45880.198778073216
3264.6037471269774,58,11,18054.97885716956
1754.9788842992714,69,4,15060.699310672475
642.8442038465913,66,5,8933.224142957173
4826.8287549948145,79,21,9921.70012730905
3293.7796099774855,66,3,42172.93692965344
5630.774871075249,75,18,49109.9270130619
4686.637807657633,69,19,29624.392227114866
4713.449097119163,29,0,35153.104466668905
2982.9790315238606,79,19,48959.83831085994
2647.02149596947,56,16,4164.445942427135
7231.018165798296,19,11,24649.75402370866
6785.652371504014,20,14,68197.54912071321
6749.7490035858755,66,0,41867.51938959636
6294.965158886952,54,13,20033.046853132048
2649.0753940456143,66,5,37955.91312462628
1993.7131161090072,73,4,25957.783704101326
1476.8438377096297,34,10,38660.41425136204
2380.282478587867,76,3,11424.681291045472
3183.086437834772,66,12,11891.881805891584
2492.0338677994137,19,10,12617.338256639321
18113.711592827905,19,2,65967.92605909839
4864.343288916176,45,0,52104.2275288699
669.0874762552671,71,5,13879.5869423755
2629.577862310455,40,17,15619.388612295297
2553.413135808418,54,23,51965.574816348715
15608.752860618551,49,9,13462.977601075654
767.7932278404019,50,4,18715.60665343352
15211.050861461687,18,22,67544.23779896673
2150.6665122549007,36,9,20105.537156804934
833.85184714733,79,11,47329.367474866835
22046.73008263044,19,1,68568.29625583554
1764.3606190467472,70,12,28077.883398366106
3007.014224277156,61,7,4173.571387758169
1094.1510204421184,43,1,19357.868458299075
14138.198821460583,49,19,58668.77181989427
1233.4597768782962,23,0,60928.79200898746
14020.245884847034,49,4,54490.79742309401
1697.001412756547,72,8,10578.357878130393
4375.508160592367,21,16,56299.19490365901
13420.158350084148,72,8,64551.41239856479
4249.260339118151,28,10,43240.83935059782
2219.5458086822728,73,14,66038.64887465035
8924.943063929966,76,23,58398.205208695785
4077.4182995115207,34,5,47687.09163839079
7033.417478518337,55,22,41671.41085968712
4731.468805668796,41,2,26354.43570521202
3399.067961870381,22,16,13672.258831267944
6085.674287413137,69,4,43531.91282026623
5600.587048264334,51,11,24313.474092414006
446.1058903858229,23,17,61051.39072435224
21907.332733975138,39,13,69553.57480302811
9222.10619892981,28,20,53412.66009524336
4913.122831972094,65,23,9062.2735842324
2431.353579842405,33,10,22341.934900552755
2677.8266459477823,50,8,10310.345328305231
3410.138269184731,26,1,46584.280402044955
3208.429026236591,77,11,54267.78792523757
3053.5803737032834,76,2,65020.21366900769
1985.5635660802634,23,2,32357.547209603174
15729.032774770709,33,0,63392.16852242577
4901.208161943228,46,7,61818.70765576894
4259.05957477464,20,21,24252.113023281705
11880.478938774084,37,7,61216.34191121826
924.6475241768622,77,10,28170.040876075673
1739.7366201248587,76,8,22890.24139553881
3382.4250777944862,53,4,46488.002139224336
1964.3237959653923,36,13,25001.542268300433
971.8300251536571,43,2,45223.98613805266
10128.994446956785,20,20,43858.730968412536
6239.324096706267,36,4,40750.40813234674
3214.91690897706,37,4,28488.120183597446
14145.538741879383,49,18,39749.481350648944
8698.284117974801,24,13,42964.52682402325
3025.751044855373,69,3,39561.02152919672
7651.73229405776,58,24,32776.1033343305
1805.1329711619678,50,12,3982.692822099675
7972.70295739523,57,9,42333.13441597711
3106.97901226034,56,24,14285.773804562215
5476.070280736675,35,17,46052.5899194617
6496.641349595887,57,7,53876.069970832024
4007.7667790411056,18,7,36529.83571175968
971.7934119320053,28,6,39338.36555364247
10609.462155012843,45,7,66749.0634976214
9879.657161105088,74,13,59760.21321196247
9031.573928617718,42,18,64253.846568748486
5747.064453652772,67,5,57522.34131741229
1693.9198523678633,40,0,10297.528903731007
4379.65670175346,48,22,12982.454350003045
2669.8973861990107,47,14,38283.79441702029
7404.760429116555,59,0,19486.667139465884
18813.268329622613,52,24,34938.59682775766
2650.2354321008247,24,16,29422.476695829464
2566.207956433829,77,0,39810.75397484037
9248.759233662215,33,14,53040.67298110012
10487.407038949297,43,22,50937.89077565139
5375.860316157766,65,1,37922.6868765174
3871.336320160135,74,13,58100.35906074289
5887.673523892138,69,20,31867.760133048236
4588.86104460688,77,7,63079.8574192882
646.9132832626713,66,7,7775.778093695982
21526.316172577197,19,18,66962.22201223159
6354.093588062059,18,6,46864.43645590033
3458.622173587917,65,18,28464.992098792754
1743.8360868968325,79,5,16209.326480382782
7059.737535981653,29,5,35105.27637272119
1766.3982582553028,22,2,16035.407653415165
858.1239513244216,54,6,14144.217718790524
4562.93425805526,49,18,44362.56774666927
3671.4635938905944,76,7,38046.67654697957
2860.5988830483625,72,9,47896.43431893309
16238.370937023778,26,19,65283.593787273276
6282.161741750128,58,14,38661.43429371569
4812.253759980823,52,14,41922.44756860745
2807.9024316370196,36,0,9004.964723381123
6435.796804850757,65,19,51081.59765587818
4156.51473281763,33,6,29793.648855878466
11643.772434605444,20,3,68440.59099039278
7077.288048857605,37,5,58152.65904490924
2296.4005605613343,41,24,38006.22971457993
4237.923823500493,71,0,11255.917829535125
5107.430617234743,73,4,60580.858149799475
5087.376627601301,50,22,56585.33339340945
3091.8335033514036,41,0,15367.20367898121
6134.456600671932,69,3,22783.645377760775
7114.964401382075,28,21,56158.2862959051
5867.358676493725,66,1,15410.305918676448
15513.806301656494,25,9,64489.41677448228
785.8175478329026,53,4,31443.337488156245
7611.54890336746,55,9,8831.61049337313
1140.0700388324517,57,0,57655.15911478682
6570.60769586776,37,21,28025.14876357197
2670.5534061255576,79,5,38275.44600830333
1250.0453378817613,52,12,10524.391075551684
3200.972544209546,65,14,3173.12899461382
6945.915290914236,79,3,45745.00878815094
1670.1768140717418,42,12,37516.73641236002
17679.34078981011,52,23,42767.084131250864
14849.304161144179,42,19,56180.83797549459
19338.268302079145,46,23,46322.59619933163
3655.75240233132,35,14,14709.82066943427
9414.932924311182,63,7,27171.75878041019
9226.486043903,35,4,63694.704020779944
11783.388809140703,19,14,54586.29491686249
3702.9820433780637,71,3,40294.682881760054
897.0680614858868,52,11,20128.214853221245
6162.0364342454495,33,12,23238.053622931267
1425.6717905287492,78,1,52041.190528237516
3907.5889029137857,58,18,60028.67547713564
1294.180266168842,53,18,47985.452858551165
1227.3490128558735,50,3,57238.508376485595
14547.666068557224,21,3,54365.9610584272
2502.4485145233048,50,10,13030.165853116168
4971.0097014994935,31,4,31404.302465191235
7419.230767205642,38,19,13249.9146555137
1512.2740669906234,65,10,18760.784181732983
5148.353915025491,37,9,61240.39485162052
5906.556930264135,73,7,34683.76169742321
3767.4455153511567,25,5,38868.99282345828
7135.418144670697,24,5,14955.879670260732
4204.333984779037,20,7,23922.209665269333
10991.213360612119,34,22,18426.493284667285
2517.4408351625975,50,14,16814.47302273457
11341.0235559406,65,13,45743.373152169996
1384.6451288027415,29,10,20211.21779226289
5490.461081602803,76,11,45345.03756336804
1533.3525543091068,68,12,6916.459145273111
2713.6131363053055,39,7,12498.884366315824
5105.116723416346,72,17,21394.1970180084
7609.861538894234,39,24,43002.14343201134
6149.338412499325,63,0,48281.36342085419
8510.462705396752,47,14,32662.036774228316
3303.286677927518,55,7,32867.99127667434
9187.389585507903,55,10,51542.62904370741
1733.2456851380493,62,11,4060.0131482940233
3387.334060923264,68,11,25853.031639772777
6539.053818865661,71,3,57853.3728269886
4985.8621510623125,25,15,43415.700484295936
957.8896916297181,44,3,25594.217894613164
3739.8054905671856,44,4,63670.16108608815
6575.030217253505,51,23,54765.72273910863
5667.668400049066,38,4,20747.99496486114
3995.031271297312,47,7,46234.419114223034
7993.535532846748,50,9,42915.2987886601
516.1801244100136,45,16,29879.59024061184
1312.9627087492247,64,8,27586.057306721646
3677.2294798322196,50,21,26018.551809972163
20368.018526499392,22,18,44349.43748750834
3778.9196052973307,77,13,32641.465744204856
2211.806948438045,78,7,58734.82858784527
946.8273619956699,65,8,47863.375280975444
4848.344159753418,36,21,7685.417582532087
3629.220926950082,21,10,45891.270996487125
2771.3136689867406,52,22,21166.87824551238
1426.4973079436834,66,0,42718.40344077932
3724.8615590535987,34,13,48568.83938393124
863.295660716851,61,4,18465.55567331881
5724.290469247162,45,20,33609.5292069847
3787.138339543044,47,13,15751.765808877542
1073.029327822203,46,3,6506.704677696057
12219.904360144834,63,21,28357.92037355323
6023.379764982175,70,22,27317.26621368146
2929.480653079672,23,24,69697.19287718523
3242.6065089908147,52,0,32905.60753024202
4545.854799811026,77,21,25349.159814637427
8155.648826131088,58,22,41891.8254500172
2996.35047449069,54,18,8947.415405220487
13037.793199688449,41,7,67431.60430897248
12085.888693101027,46,14,45542.32305459922
10025.220691667182,66,20,53574.1339360368
6169.8996539686295,63,14,14422.021857652475
5340.643526518513,70,8,30435.01615134866
4663.8375828506,48,20,31320.1705975447
7838.688668147741,52,8,58061.03174137282
2409.0531849027657,77,9,3082.857543880433
8414.67916134657,50,19,23157.15825966809
9832.700909646368,69,24,68742.83708106836
5161.108803538737,78,20,34817.39841491665
819.4362504752613,38,8,28629.260776348554
1558.3618771736294,49,2,11028.543135182306
934.7637515378542,40,19,68269.03011807703
1776.680174367735,50,24,4341.7658470302395
4957.356256290849,20,10,52391.07507548529
9064.863157399708,35,5,54496.18692083006
1474.358638674981,42,1,19324.999976279065
4366.957779896938,59,6,47994.4157220735
4040.03839117356,48,17,9226.252673419125
1873.32684209263,71,1,20222.16685094935
3971.907099338791,75,16,55789.433215581754
23769.538574512397,20,10,60933.9748662472
8088.312101273234,57,11,43768.58964820602
4519.23062353606,63,18,36958.17493197233
3193.9689081813403,41,21,13673.36938147168
3746.7502845355725,67,23,7228.305216303062
4940.95016854493,49,24,10882.484907728427
2518.3325221924288,64,6,18232.93910643862
3405.20067254679,39,19,25892.191627093696
471.07561395344845,40,5,28520.938209236145
8031.3140689660395,19,20,26203.558495463236
2661.922492833503,44,23,19016.707257216796
7262.531229434467,59,0,37151.52453236377
4693.944391097019,19,16,58294.169251604086
2731.5510068244394,43,10,21740.13707758911
30676.34946830453,34,21,66139.93027984962
6461.213577860619,57,17,61513.55633549781
2079.215488203947,50,20,13838.202160591343
18702.120800270073,26,16,55680.48910272533
8753.14780667982,60,6,41497.354615290365
1012.4854706877759,71,16,40960.549265485046
7641.112241154058,65,19,29199.865124897686
6650.973427666978,56,8,36577.25094519465
4248.541705988371,46,16,29610.97808775714
2385.483588152321,59,19,39162.08545691617
14349.655748811305,72,21,45072.6535357666
1093.3131141308386,43,21,48178.355029406244
2230.5268680301388,52,7,38676.23990148155
9460.658281594033,67,16,51335.278511025026
564.1699947129202,42,6,12465.629301458888
1967.214278952298,41,0,17202.826890449982
7830.240830243776,30,12,57855.2452729761
8246.724707904099,77,22,24609.374515709816
3648.111581639052,75,18,4533.886273400057
8794.346488879488,24,23,13304.007027758083
705.081817859288,74,18,17982.167111252853
7848.691252120362,53,16,67140.63348893734
6082.336884911541,62,12,41393.7757383669
20335.338768721722,37,15,65492.95961190907
2029.077512191327,18,7,41535.94448327387
5550.694583715974,25,18,35116.74748923607
10821.869496540312,63,17,24019.755310004435
2599.1528992662024,33,0,43626.85327703616
5223.024459961283,31,13,12326.267649374498
20419.095978554706,29,18,63183.5290286113
9432.197572834482,68,14,58565.27114446601
8847.320040073153,40,17,24274.607007741382
1604.2236520723563,32,1,66837.43434928672
14880.147239483198,45,21,58288.45141684307
5694.358463857741,51,16,47642.56135094766
4336.835352426597,19,17,11158.04804539341
4342.646456084252,49,5,35041.67954422084
8494.646430293866,40,18,36909.20617473231
2407.1072882321587,39,3,18580.941010480467
1552.03306050346,68,0,8357.68142207323
1543.1725371612647,42,7,55040.48324160341
872.0907522986723,75,22,11176.348492334466
5714.813827013883,79,6,42817.48028763891
9478.09508548953,78,2,65742.09465020525
14963.275675233932,39,9,61699.04790406885
2810.9016270584857,75,9,21609.425791200494
16877.239680663246,75,18,60047.05871593478
6113.089455205501,39,13,3022.2779100727903
2980.9929866828675,66,1,4185.083244088234
3046.4454889483377,69,0,43371.06197747195
7261.561599136972,59,22,27441.480682683476
7106.159219331615,23,22,28892.87635766286
8082.620820523984,32,17,40817.55307548513
3156.6419089820633,71,6,15849.424524654658
6263.024104937987,60,7,17187.60849458705
3066.2672392657832,77,0,35468.306330263935
3106.9469828729834,54,24,53534.987471038825
25241.156318802332,50,22,44506.34934430837
2984.2655146379107,25,2,22922.788231868206
1751.2827175273014,70,23,31832.59089309772
3628.0522870063746,77,22,14434.538822849894
3192.9038081122635,61,7,8000.197560584475
16291.818325545573,61,21,55440.634729858
7860.142843128749,22,24,20780.95641560904
2243.4946933657357,56,14,14910.34798603363
7466.934145738254,21,4,49338.409723144396
6077.1504783229575,23,2,44409.46217724146
9407.73017402786,62,18,45423.70494290209
2349.199377115551,49,0,18335.93852472311
11287.880996915665,69,14,18587.251083699626
5888.69250640585,47,7,17793.776195637824
1308.443228541021,64,1,14641.423909373732
2683.6641740519426,52,2,46933.486061630974
5199.296435160688,72,23,59817.064311709895
8769.23508847186,57,13,51529.270468336304
8806.27071417967,69,23,56070.27346195639
2705.31165739648,33,13,30121.49474870839
1167.5393296683844,30,10,46823.07828992388
2813.9868924394013,67,15,26733.828109799895
4259.044011716237,77,3,38208.80967189888
1991.8771667485598,59,19,35269.53471783578
1982.0421298811902,47,4,14851.438724638245
12629.564571388955,36,21,28934.276942487264
996.4580375216933,34,20,67576.09245731751
2031.6918527932598,73,13,19654.87726690112
3127.1895462572083,36,22,11964.850330725743
1508.5689752194116,45,15,31044.901648803665
2186.302582220684,75,17,55952.62830262992
5917.741946195159,72,6,42003.93139525814
14002.54616353416,43,9,48625.31342496238
1463.854143387586,54,6,15709.554827703372
7578.7505712449665,43,0,44469.52893151734
4396.08195486066,70,22,24674.52645906874
6473.19997407692,79,20,58898.325518969425
18043.682533127634,40,18,45163.02000271932
2479.101574937751,26,15,16323.370610944827
2597.2069999324654,29,18,7329.317549553772
673.0548389665638,70,3,5856.425022231193
2708.1097615157855,18,17,27884.37403255943
2776.2103211265953,75,1,20812.026155839005
7468.676594154699,75,0,46288.038271988036
8602.100157956755,18,14,36455.366943567424
177.57231646117216,64,4,20823.291626360508
10846.105073356224,51,19,12998.9311226618
5216.434743371075,49,10,11522.384100059122
11211.387241044597,79,9,60932.24627340798
2457.080961625135,71,1,19313.023883126105
2154.5036795599494,65,2,46664.61341003488
10638.599693135744,42,22,57315.95717507984
15172.63410872865,57,22,44143.44784937732
5398.966797829823,62,11,60590.870520345365
7529.315947312681,70,19,29290.379342407792
4783.699939610131,18,4,67066.88677347953
4800.860920160208,33,4,11920.715279932494
1954.2771787870238,78,5,9844.018487055053
4131.5706029579205,56,8,47132.37379589872
9245.663154833179,22,1,66169.68647468854
16760.369639119748,39,20,57195.191929633984
5625.616987282425,46,11,8119.929582349446
1370.3226713674187,72,2,21717.636833626
11147.375841506057,20,19,65331.36528413418
8605.513079219714,29,21,19954.914997652566
26918.061440584363,43,11,55338.41839372359
41178.96233758688,33,23,58283.85712722316
9708.00102371173,68,16,36195.29093188578
9160.693271152339,54,9,28885.376959837136
3817.531213792797,39,23,33158.3369721239
1349.3292907747975,74,13,18206.6345224794
5108.107183358961,46,22,62589.19138063256
3310.1675161130365,31,16,33191.51700089378
14787.800456474844,45,17,62124.78251055869
4912.007033023827,22,18,10081.463153720364
15026.607678858192,64,16,69214.4431570088
9207.251955279542,66,13,32699.296858722424
2939.340225780987,47,8,6204.6649664050665
2122.4505300621818,63,7,5547.463831909479
10813.37446968979,79,1,52995.886251283184
3912.6184201315987,69,12,47155.38079164661
5031.612513249836,22,24,56742.747394548365
4281.792166901298,29,6,10059.624774838
1929.5324099708914,33,8,5383.24809138174
8141.731867442951,43,21,37074.812392987755
3150.642388999099,43,21,28968.88050934556
5560.358536215327,65,10,33950.444756954035
11423.814877572539,38,13,69436.42339430835
6673.1914117298065,56,3,68040.2471639349
14120.384850477256,53,12,66135.13110810392
12122.427239446044,50,1,55517.459343434144
11405.545674833316,79,22,26774.371137211656
5740.668139990423,47,4,30612.772327605697
5154.286696113841,54,10,39824.27492916794
7498.032224572049,40,5,58645.80857912428
4666.371543948873,75,17,7603.75977872394
3642.892069022064,27,20,31427.891354287505
1258.281804319488,71,9,8535.383451771002
1190.9038609510237,22,3,37482.05830042528
14144.916122042834,53,8,63226.35520841777
14528.388926802167,51,5,55426.48994578384
3306.67677615732,69,1,18265.44197538837
2944.1173746718264,48,16,68391.38692311909
8858.601754845988,27,4,47712.4766691107
2274.2732777277783,75,24,3698.6558596260056
4242.342400552522,36,5,20112.703473909707
7650.007269939261,75,11,20467.79109463441
2187.840924535953,49,22,7640.038521152615
26085.602194352854,18,20,67308.37671108724
3330.0623641967463,73,9,35043.10473658689
15985.19835862243,22,21,63019.57802391609
1334.414906540676,62,20,24588.438730790098
4644.047260773165,21,24,11390.649218999417
1972.769669989896,33,5,34780.51936371633
4671.657167356645,41,7,10635.094525859251
4640.358131349237,33,1,35563.03869949518
10059.423624981097,72,11,64659.911141700315
4055.4038181249075,19,12,37891.46550289225
5206.933127684814,66,24,44305.481701970595
7690.877825641053,45,20,13494.775277245157
1972.3847898599413,49,6,5930.286933957956
2044.0513952520673,44,9,10424.133466047071
10891.461532916392,37,12,43101.6155708525
2108.450823355081,41,16,9365.783832484412
4933.653531209365,29,20,28191.523626067865
4775.123681677374,67,13,39856.160010696454
4186.890715785163,52,1,29039.737508199752
2857.139520099195,77,21,13966.8146981752
1136.3042270392793,50,10,21344.017603445136
9380.386929053315,50,0,65197.27470085466
12021.163461286344,78,18,48290.81246428581
3671.9548190849287,68,20,36235.2051915524
1530.9272950738773,60,3,3851.897629121866
5179.1461748956945,54,18,69491.8318327945
10425.712605922727,29,20,47987.480637941095
2670.962834869764,20,10,24233.80598211131
23929.668901515925,18,7,61911.00021985516
2801.1739230382996,50,10,20314.918559551814
2835.6480739989406,57,3,39449.11080524436
6862.152584096076,27,16,45616.74116989828
1514.7147747641004,60,6,17811.245887399804
8428.676545815488,61,7,68552.61767963992
4289.693240806804,46,2,53128.85770059284
14771.823929398393,30,21,40373.48610924168
3319.5235983479283,29,1,15099.838077745158
5417.311606787501,48,22,6608.499868867751
5596.032016242216,63,14,24444.008778905893
27884.890287402253,19,23,53463.55150619799
2631.8109174797214,78,21,21045.19698623568
3539.502557365899,68,21,39150.26677319884
3110.7558024876857,67,4,51772.46084095979
4088.505558284532,52,23,10232.228881313113
6034.627635718263,40,0,48914.96707976352
1328.8310626688824,34,3,9155.349476572996
6964.297058158777,43,14,67663.69272250877
9547.058900247166,25,19,35722.40671435095
4380.952110063173,46,18,13095.299216561785
2444.004100036563,43,2,25939.703614247614
2286.159046554389,27,19,30698.90210278252
7934.512771958488,43,10,53798.395742128
8725.484745559985,79,16,52809.39366713283
8327.201899202571,51,12,44000.01385760118
1960.1686849777875,68,10,10097.357741419028
1101.395235365657,58,1,13155.14789637413
1324.6515228679968,24,8,9281.713683252294
2675.7725578750205,21,1,41670.57648026585
10803.203406440969,75,20,61768.27558126407
2673.4133177569042,70,8,32064.63432106971
2329.8873414851723,67,8,13776.827655168996
986.4670177338887,62,7,40388.83578498079
18669.241225563812,28,16,57387.39853000256
10392.720039036854,46,0,52694.70812136631
5546.057704918342,73,24,62057.20223822643
7981.672197049719,53,10,21619.440515674145
2239.6847709396743,42,7,15994.909106940915
4020.559612353321,38,9,61947.704558109894
3690.7052716852277,78,24,47056.540956127545
1737.1031839963853,74,6,23832.23831050613
3139.337312798158,53,2,52737.31938835812
5427.191232374258,27,2,57612.93176018465
3820.0047813160436,54,17,44203.54210285587
10423.082948735138,26,4,49088.235361954314
2927.093180231471,41,11,28142.413597658644
1320.2119186200268,52,11,39092.60971198362
2281.1539217906125,66,18,38118.66443865287
5066.385582119779,52,5,59819.20200576172
4278.789195502848,65,1,59277.586678906235
12284.866633933114,53,11,58789.59144625189
3067.0128016525982,35,18,3739.118155585208
5162.8019767517935,66,4,53219.54745941551
4626.02182100432,56,11,53831.31813743732
8239.388510083463,49,16,48451.3811312945
2073.466142770524,41,16,53669.73207872732
9286.895343231534,40,9,59412.01489027948
4031.93150544283,79,24,34511.37662481963
11770.708130930214,49,22,36637.36430372596
5901.544716688469,54,16,11355.841813063162
7012.272032074436,29,14,28820.184164173243
3603.971159793671,66,11,46105.46705408955
4788.660675600556,72,15,55286.78500186739
2578.0999144883945,30,23,17553.009545311106
3354.286998363557,40,18,12234.134243668772
1784.3045294819426,42,7,47423.81430153298
2598.9055064324084,52,20,3125.952196169013
5653.420972912058,58,16,14950.963148591098
2490.557243601079,47,22,4947.7824830449
3438.5249687232235,34,4,14181.302896276351
5137.179534012268,66,21,15148.39175500885
5620.461054422447,79,15,28974.13084827641
2713.4939343116666,37,5,29955.917353999248
2750.324461308279,65,7,61575.58553088593
3166.3973603818417,42,24,37177.350737421286
4133.2796136561565,39,17,51468.11929602318
3642.6600115994743,30,24,9977.202980659258
777.4176402964805,76,11,18104.39661606749
4482.89487385639,36,14,50097.210545571346
3658.9765811017105,66,8,6537.865351391381
8007.096595987852,53,12,35602.04337033146
1190.3606157734666,29,14,43157.72069941657
13748.965265420702,78,9,43343.75815151623
5387.931512763424,58,15,4536.498354958816
1122.8922171432755,36,6,24581.23628335543
8107.792631031509,29,16,45644.87362029332
3569.032918687936,26,22,12982.98232199931
6611.006013707429,24,20,49592.84843797957
2725.9631758245173,45,21,52976.98899051619
15291.229550362155,31,6,68791.93575989173
5604.735027645002,48,13,17059.41365537943
8052.392927539831,69,14,58283.75473362972
20856.368883263796,36,20,37859.87065354982
2297.122677279369,75,6,28021.99394165962
1323.4926117439202,64,8,11199.242740786922
4355.74776588842,33,18,52278.87563466502
1561.3703865950636,70,15,18802.459142627034
9559.161151558239,22,7,27885.274125494067
3798.263170965016,52,17,7190.329202123685
8821.128299967215,29,22,56691.583359907774
5310.896872913164,42,17,54361.431106100106
10379.471220401876,69,19,52152.260612834936
834.1325163768719,76,6,23062.715202956406
1070.4587705597419,38,2,14623.164975819134
10790.473371788465,53,17,45716.06871950539
4335.561528071249,70,9,36243.147735585706
1346.8685804698537,40,6,14942.915282610986
8604.208308459125,33,16,48956.05516034087
3889.2577613387643,74,13,69405.47093202734
8915.283130055748,56,23,53063.712378716526
4067.9485185697617,62,2,52579.08790793599
4845.896789276822,70,11,66670.95444634964
2051.447940330459,59,12,16596.736627518447
1278.9908914634982,75,1,40891.847649736505
4766.907084215015,56,2,68636.32990727019
6799.231153113626,31,4,14074.705435001695
5892.141706785241,48,10,49916.88128278291
11279.112129234387,75,7,42249.27978011743
2247.241522750353,22,22,42294.099176643365
5469.38545094242,52,22,49743.93204384504
12684.173514923785,40,11,65284.33383267084
22038.894542640704,46,6,55432.98997003964
782.8562983555577,60,14,6761.11892888607
12646.570273793026,28,23,60132.77733167265
5690.550843383064,35,16,18111.269105024083
5715.191552702669,64,3,28253.249037336922
4912.136464935169,29,21,33936.09851202961
6843.013289710744,26,24,35220.70205045567
2475.5401360980586,27,12,32157.086750108905
5941.181205643158,75,17,65802.67071246292
3434.063551420702,61,0,50303.27351348965
9283.00952035566,34,15,45288.43327909933
3105.4630228271567,78,12,6339.415861457084
2541.0724042999864,55,9,63562.193127445105
6261.056371151416,24,11,63929.14286456255
5358.242082135206,63,1,55274.275249816856
1035.415207278693,30,22,3470.9566555124834
4710.464168989071,57,2,6837.776822200765
5526.545113854717,59,9,18089.988051988814
3538.1746984970305,26,1,11800.41034570875
7162.016026233811,67,22,29722.013990149873
17053.218292052643,44,12,64815.74489188191
7064.890090039258,75,12,34628.04909119889
5337.238350701743,19,17,3897.975970955096
1359.1652204810894,22,2,21943.961201777056
2717.6413113460258,46,6,5987.858860988423
5143.038088008431,54,13,5431.270715104645
4527.007200881512,55,19,21473.230157402002
7723.492080711769,36,16,21466.026691489344
17399.128824599917,25,20,55737.482374307474
12641.61984588497,65,11,68313.92173633451
3483.911415962756,62,24,27870.875290629887
10777.239571493974,18,15,31735.420883689585
6257.8081713068395,39,23,59600.89223116344
1502.3144120019645,69,11,20965.314346399395
2807.183644582913,34,14,13477.580895031013
20776.66623686953,24,24,60157.00476804458
3041.1669097568065,42,9,6115.539291484389
7955.906951057685,62,24,44519.86249336085
4776.480870631341,21,6,40653.520780276056
732.2456715888417,53,19,26176.669982613515
3720.096391289658,23,4,24117.69791352305
1639.319960694209,77,0,54714.46765416863
1348.3362025664048,48,16,8790.448921090614
4051.260818993993,36,2,18864.54872386282
884.7574468734374,78,12,52074.065033152016
10123.545638754435,61,13,39737.47910967042
3709.01967016476,71,23,11575.209971750288
6228.080978663886,56,17,62103.086156898025
307.94871668522165,44,3,29361.005719760633
5826.671372860074,27,17,58467.18114658558
5089.122853043059,43,4,55776.77204035648
1556.4365783480998,36,24,44836.50491360578
3599.9069396950667,56,15,36130.23579677123
9249.123390866216,79,0,68629.90630557771
4852.715241748933,20,20,12712.659849447742
12808.904692873075,62,13,51585.43374592469
2258.4252412643577,30,14,15809.776998140864
745.4866832067804,67,8,25663.628057267342
5457.163750788961,45,14,23682.81580600408
10996.319356904482,79,16,66451.41117849444
18932.52707074533,75,24,67812.86391181443
11285.460504596329,37,23,15262.034763726719
1919.8636363436337,45,3,4476.35573993278
16377.308390147036,25,11,51240.53865742858
10319.224461790576,78,4,31005.32556932245
3444.314158060503,58,4,8952.296420866813
3015.4645741211893,56,10,48811.52507366185
5437.130995448923,18,5,39522.07039346688
13313.405690987578,20,6,68694.6270740741
7040.272713221413,30,23,18236.436222712386
3919.2676621535966,45,13,30066.517713878733
12810.655179224623,79,23,39350.568827493335
1311.102659803297,74,10,56043.89922637456
3898.8895602388816,77,12,39772.190000243936
4338.4744018624315,66,1,44064.310777750594
2989.052812993234,42,24,18151.85245652603
9925.094117868628,73,6,59743.55478193351
6446.68334687362,50,19,31718.246647021875
2351.2496962417854,55,3,12444.295043958542
6094.38177174016,70,7,47500.590271862966
5828.714622178156,23,19,17478.060363415603
4617.196855144601,75,21,9536.688186033083
1232.5278948010407,61,20,60753.122863086246
945.4436072190645,62,18,33830.87172072545
11753.427788774407,49,12,53202.008750617024
3214.757787446857,62,13,22469.366507025792
2767.7631827418904,78,9,55726.99903948364
2777.2534839370232,64,10,10499.70711044253
3050.891900383441,38,1,26850.216044255132
8175.277892792042,33,24,68530.14180422641
16847.35173302482,71,8,56197.31099665641
14789.433746781284,38,16,36316.14733108411
2268.758359394453,28,2,25765.090594646303
5384.172222172132,77,23,61433.091901505926
2176.1193989837357,54,5,39504.79985866255
3777.6283415861662,53,4,53814.47619723044
7995.085599249862,52,4,53525.21458118299
3959.134483777811,36,21,4202.3604640889525
2534.8046010374173,37,14,11459.003447105102
5637.662115988173,74,22,47195.16754844773
2901.4688896052944,35,16,13828.527356153387
1357.2068671148295,64,8,20118.054091925515
2618.722204167043,58,2,66424.74293137368
2266.7591287705927,66,19,40532.21131111909
10746.472567173514,31,16,53298.87696895626
10521.070492006962,32,9,40384.709498436874
4225.816032927346,48,2,40018.41219044259
716.5078577956018,18,17,9308.17797842176
4270.005992020055,70,17,26025.433904809903
2015.5681251977826,71,16,21922.870211996284
2085.0371256485287,71,23,29178.800496112086
2232.1817719026017,20,2,56489.06061102999
1580.1260577225923,33,2,27919.488750429944
1838.38641197912,40,5,33263.686888522745
811.9926914897146,74,12,29624.553162516208
2202.4093927390068,28,23,9258.334122344804
7919.473444667016,29,14,32551.834602802508
12008.341261332409,27,24,16105.821293982506
488.6787321564333,49,8,15510.460816793779
4198.760913854363,33,3,9300.418997095847
4499.927420932828,25,13,26896.955267498237
1639.0825840483674,55,4,53751.28628089096
2260.071841759896,29,1,21521.593269087538
5062.180803176929,41,10,23927.38982632941
5354.9733984073655,45,8,46059.202064052384
790.1485053146265,70,23,16121.334443323565
7257.424701827435,25,2,63096.1813383768
5245.083964589204,75,8,37852.76505785415
4847.824300687699,45,2,32989.397001454534
5316.7966292248875,53,24,40373.9528592565
2273.82881783934,43,1,14124.298998885095
5336.797962044168,25,11,44102.70028882481
3807.3532201779244,75,9,27327.7493544787
7703.264235276258,77,8,63111.48484462946
349.3349387759226,67,14,14313.231847404972
6782.449325062869,45,7,36972.42395898455
10591.733493723159,45,24,43073.546167724206
1182.813026376558,54,4,5236.701319687541
6331.781332171983,58,10,27367.439358661395
3508.5492630624703,53,1,52086.560724955794
5667.438065731678,44,23,57965.29299908121
1980.923807292567,71,14,23981.853652757916
6833.799698684084,34,5,56505.74924964433
7020.856180924725,26,7,67839.64376592706
3675.21299449576,50,4,60410.553717031304
1375.3002437435657,70,15,10882.147206674788
12523.250900140407,37,17,52561.932249731224
5073.835860915589,30,5,24417.677773516498
1273.581912452957,45,4,69223.87129060912
2855.5949144633155,65,15,35519.051871712436
4583.094232895225,46,12,11203.07119004905
5735.608356259551,30,4,51587.431717835185
5274.2449225429955,63,12,24641.750291876328
19714.212079220866,52,16,69804.23652447133
15216.584944209642,78,17,68645.42467625297
11439.371728863938,23,7,46960.97920737891
2743.482748785982,35,12,11698.372079765079
4170.309460414268,68,18,49019.68684422695
2372.248212890352,22,2,9233.042592821823
2225.117355157436,64,23,4967.398659860285
12036.769839411862,42,7,58138.21589683957
4347.753931559234,19,1,17053.44749480665
4461.5032043632655,27,7,28394.817456679524
2545.7070375337603,73,12,68221.6451284036
5348.294377282896,47,12,25568.313624693918
4104.61786331802,67,0,22864.815345982122
3125.2978766357405,76,5,64519.93597472594
6261.972082728954,62,23,10420.145836370193
13770.124312139098,22,18,53892.02147768033
27773.698285005426,72,15,69200.39296573585
4820.60693326911,73,7,63386.83272190147
2561.527978897396,50,0,46661.75055333054
5388.396901096382,71,15,24042.073264513045
2323.7358464120216,18,8,20039.57273894722
8524.911648021522,35,12,57890.092026387894
9017.630272087059,49,10,61948.06823476358
6846.138700614978,64,12,38204.13914056142
8043.185031882158,66,24,19370.776032693233
