,Pressure
2024-07-28 00:00:00,49.45718469834972
2024-07-28 00:01:00,50.49867272329179
2024-07-28 00:02:00,50.141489249025994
2024-07-28 00:03:00,49.24685264304095
2024-07-28 00:04:00,49.71069987401573
2024-07-28 00:05:00,50.82571826854858
2024-07-28 00:06:00,48.786660378303466
2024-07-28 00:07:00,49.78554368557191
2024-07-28 00:08:00,50.63296812935277
2024-07-28 00:09:00,49.566629798867446
2024-07-28 00:10:00,49.660556924188974
2024-07-28 00:11:00,49.95264551553156
2024-07-28 00:12:00,50.745694813062144
2024-07-28 00:13:00,49.680549001657674
2024-07-28 00:14:00,49.77800902017697
2024-07-28 00:15:00,49.782824362190745
2024-07-28 00:16:00,51.10296504136273
2024-07-28 00:17:00,51.093393044486895
2024-07-28 00:18:00,50.50202694893944
2024-07-28 00:19:00,50.19309319958743
2024-07-28 00:20:00,50.36868428794812
2024-07-28 00:21:00,50.7453660140754
2024-07-28 00:22:00,49.5320830657988
2024-07-28 00:23:00,50.58791452239105
2024-07-28 00:24:00,49.37305966612549
2024-07-28 00:25:00,49.681124248773294
2024-07-28 00:26:00,50.45355259790015
2024-07-28 00:27:00,49.285659649887016
2024-07-28 00:28:00,49.92996563990567
2024-07-28 00:29:00,49.569122552070155
2024-07-28 00:30:00,49.8721903147347
2024-07-28 00:31:00,48.60070544726964
2024-07-28 00:32:00,49.11423344774508
2024-07-28 00:33:00,49.65006138270104
2024-07-28 00:34:00,50.46373121587929
2024-07-28 00:35:00,49.91318215860489
2024-07-28 00:36:00,50.00142295794841
2024-07-28 00:37:00,50.34411135555114
2024-07-28 00:38:00,49.560231828495475
2024-07-28 00:39:00,50.14181366190365
2024-07-28 00:40:00,49.597316740967194
2024-07-28 00:41:00,49.1361652529397
2024-07-28 00:42:00,49.80455010312245
2024-07-28 00:43:00,50.286902931202526
2024-07-28 00:44:00,50.1692945254999
2024-07-28 00:45:00,49.99408475276059
2024-07-28 00:46:00,51.19618263296886
2024-07-28 00:47:00,50.20645608015439
2024-07-28 00:48:00,50.489368002968675
2024-07-28 00:49:00,51.119071669248974
2024-07-28 00:50:00,49.35295733841937
2024-07-28 00:51:00,49.48060589489752
2024-07-28 00:52:00,50.87185611256147
2024-07-28 00:53:00,49.60096863237947
2024-07-28 00:54:00,50.01484161515167
2024-07-28 00:55:00,50.534657984712176
2024-07-28 00:56:00,50.44535319564658
2024-07-28 00:57:00,50.87744309099055
2024-07-28 00:58:00,50.74782206851673
2024-07-28 00:59:00,50.53469633485287
2024-07-28 01:00:00,49.613645642876406
2024-07-28 01:01:00,50.397431333896606
2024-07-28 01:02:00,50.157135997253434
2024-07-28 01:03:00,49.33686727002977
2024-07-28 01:04:00,50.70864952323843
2024-07-28 01:05:00,50.40361826728928
2024-07-28 01:06:00,50.02274504031555
2024-07-28 01:07:00,49.88345396950779
2024-07-28 01:08:00,49.400849427649604
2024-07-28 01:09:00,50.09976203677932
2024-07-28 01:10:00,50.234219559722824
2024-07-28 01:11:00,49.58442250787836
2024-07-28 01:12:00,50.581102024549764
2024-07-28 01:13:00,49.451398476758484
2024-07-28 01:14:00,48.93844982497878
2024-07-28 01:15:00,50.51986354544635
2024-07-28 01:16:00,49.79831698094895
2024-07-28 01:17:00,49.93698520734349
2024-07-28 01:18:00,49.58124163858747
2024-07-28 01:19:00,49.1970186196413
2024-07-28 01:20:00,50.62761868736211
2024-07-28 01:21:00,49.65556550807654
2024-07-28 01:22:00,50.83047624407397
2024-07-28 01:23:00,50.40365409310537
2024-07-28 01:24:00,49.84262092664127
2024-07-28 01:25:00,49.45704879943656
2024-07-28 01:26:00,49.633769006639774
2024-07-28 01:27:00,49.393738434452416
2024-07-28 01:28:00,51.043556679794094
2024-07-28 01:29:00,50.08222061511491
2024-07-28 01:30:00,50.575102771273315
2024-07-28 01:31:00,49.366323975494886
2024-07-28 01:32:00,50.0905175647985
2024-07-28 01:33:00,50.58893096940429
2024-07-28 01:34:00,49.83249461903349
2024-07-28 01:35:00,50.515557229460875
2024-07-28 01:36:00,49.45771604399712
2024-07-28 01:37:00,49.318264227690705
2024-07-28 01:38:00,50.18970030603907
2024-07-28 01:39:00,49.81041178271372
2024-07-28 01:40:00,50.321027344635915
2024-07-28 01:41:00,49.01105603423978
2024-07-28 01:42:00,50.35613231773526
2024-07-28 01:43:00,51.29915196363466
2024-07-28 01:44:00,49.98768700928426
2024-07-28 01:45:00,50.01707106445492
2024-07-28 01:46:00,50.08977474231934
2024-07-28 01:47:00,49.06901214460411
2024-07-28 01:48:00,50.21307331984516
2024-07-28 01:49:00,49.19729512799202
2024-07-28 01:50:00,49.7861602009381
2024-07-28 01:51:00,50.62143477480187
2024-07-28 01:52:00,49.63239152194996
2024-07-28 01:53:00,50.2506244947837
2024-07-28 01:54:00,50.50636952697818
2024-07-28 01:55:00,50.139370428048
2024-07-28 01:56:00,49.3145257649527
2024-07-28 01:57:00,49.83376236232429
2024-07-28 01:58:00,50.97970567119414
2024-07-28 01:59:00,48.98747711850127
2024-07-28 02:00:00,49.86210699306691
2024-07-28 02:01:00,49.72394596425595
2024-07-28 02:02:00,50.06037368154857
2024-07-28 02:03:00,50.374107808593614
2024-07-28 02:04:00,50.80434548401103
2024-07-28 02:05:00,49.86488380399542
2024-07-28 02:06:00,50.40617066498841
2024-07-28 02:07:00,50.249870072432586
2024-07-28 02:08:00,50.2371736489359
2024-07-28 02:09:00,49.71803803423676
2024-07-28 02:10:00,49.50133926561205
2024-07-28 02:11:00,49.44997844368965
2024-07-28 02:12:00,49.62178139530044
2024-07-28 02:13:00,50.16084328793311
2024-07-28 02:14:00,50.380474696564164
2024-07-28 02:15:00,50.16173442392845
2024-07-28 02:16:00,49.72552245190213
2024-07-28 02:17:00,50.90298505496624
2024-07-28 02:18:00,50.75943281181577
2024-07-28 02:19:00,49.822999943624914
2024-07-28 02:20:00,49.588284297007164
2024-07-28 02:21:00,50.06510747707898
2024-07-28 02:22:00,50.63364932252718
2024-07-28 02:23:00,50.16638248862706
2024-07-28 02:24:00,50.27827435245502
2024-07-28 02:25:00,49.89395993886219
2024-07-28 02:26:00,50.22813544760112
2024-07-28 02:27:00,50.77227222572807
2024-07-28 02:28:00,49.88016560926115
2024-07-28 02:29:00,50.07165386625394
2024-07-28 02:30:00,50.126908238274815
2024-07-28 02:31:00,50.14186267788552
2024-07-28 02:32:00,49.294055561964385
2024-07-28 02:33:00,49.061565672063054
2024-07-28 02:34:00,49.49017246453908
2024-07-28 02:35:00,50.08397114770084
2024-07-28 02:36:00,50.27692808300161
2024-07-28 02:37:00,49.734662720113185
2024-07-28 02:38:00,50.688628741433654
2024-07-28 02:39:00,49.92841201283691
2024-07-28 02:40:00,50.01015799911731
2024-07-28 02:41:00,49.90301806472367
2024-07-28 02:42:00,50.06701339637333
2024-07-28 02:43:00,50.3522370370218
2024-07-28 02:44:00,50.33282671895616
2024-07-28 02:45:00,49.550788529695204
2024-07-28 02:46:00,50.761831888239264
2024-07-28 02:47:00,49.452486771286544
2024-07-28 02:48:00,50.0396135070453
2024-07-28 02:49:00,49.862801713238824
2024-07-28 02:50:00,49.47550416134076
2024-07-28 02:51:00,49.962439706013086
2024-07-28 02:52:00,49.6295931133538
2024-07-28 02:53:00,50.036453621638024
2024-07-28 02:54:00,50.20154298060968
2024-07-28 02:55:00,50.73596468448664
2024-07-28 02:56:00,50.15369210931371
2024-07-28 02:57:00,49.694387329847586
2024-07-28 02:58:00,49.8041900946402
2024-07-28 02:59:00,50.069989053057284
2024-07-28 03:00:00,50.04673041473107
2024-07-28 03:01:00,50.729794634114214
2024-07-28 03:02:00,50.69767646487848
2024-07-28 03:03:00,49.820532036878866
2024-07-28 03:04:00,49.7256789359069
2024-07-28 03:05:00,48.72147269796607
2024-07-28 03:06:00,49.72553979333889
2024-07-28 03:07:00,49.51097114695786
2024-07-28 03:08:00,49.82258777095259
2024-07-28 03:09:00,50.19579212117505
2024-07-28 03:10:00,50.088596164599494
2024-07-28 03:11:00,49.98501599647623
2024-07-28 03:12:00,50.09979105554426
2024-07-28 03:13:00,49.936941113384506
2024-07-28 03:14:00,50.098509466271736
2024-07-28 03:15:00,48.384472496040345
2024-07-28 03:16:00,49.865353255124624
2024-07-28 03:17:00,49.944574639473494
2024-07-28 03:18:00,49.829369141896706
2024-07-28 03:19:00,49.89102686894853
2024-07-28 03:20:00,50.35165505890337
2024-07-28 03:21:00,49.700947334329584
2024-07-28 03:22:00,51.10035104960856
2024-07-28 03:23:00,50.34414846511105
2024-07-28 03:24:00,49.99684637454306
2024-07-28 03:25:00,49.89666884840122
2024-07-28 03:26:00,49.95673885680893
2024-07-28 03:27:00,49.54234646502801
2024-07-28 03:28:00,49.952398730370994
2024-07-28 03:29:00,50.13934175836353
2024-07-28 03:30:00,50.28977080778662
2024-07-28 03:31:00,50.289844889572166
2024-07-28 03:32:00,49.862561226717034
2024-07-28 03:33:00,49.291958873739034
2024-07-28 03:34:00,49.66544868688328
2024-07-28 03:35:00,50.8060965214062
2024-07-28 03:36:00,50.448029156704976
2024-07-28 03:37:00,50.184809793152084
2024-07-28 03:38:00,49.61935287761994
2024-07-28 03:39:00,50.00182257748689
2024-07-28 03:40:00,49.37216565716876
2024-07-28 03:41:00,49.724031562151964
2024-07-28 03:42:00,49.8773983291574
2024-07-28 03:43:00,49.819180034067394
2024-07-28 03:44:00,50.47830096552801
2024-07-28 03:45:00,49.290637042982276
2024-07-28 03:46:00,49.56728386424242
2024-07-28 03:47:00,49.31265601448889
2024-07-28 03:48:00,49.381323393656075
2024-07-28 03:49:00,50.062027948223324
2024-07-28 03:50:00,49.199779733471864
2024-07-28 03:51:00,50.37693438941882
2024-07-28 03:52:00,49.87659211152946
2024-07-28 03:53:00,50.03439416626299
2024-07-28 03:54:00,50.161288368998605
2024-07-28 03:55:00,49.7829167398742
2024-07-28 03:56:00,50.51623985787669
2024-07-28 03:57:00,49.90282863663618
2024-07-28 03:58:00,50.29703512761954
2024-07-28 03:59:00,49.900443808621375
2024-07-28 04:00:00,50.14543719371246
2024-07-28 04:01:00,50.13983133507898
2024-07-28 04:02:00,50.12498496972776
2024-07-28 04:03:00,49.51284607518954
2024-07-28 04:04:00,50.21793788527372
2024-07-28 04:05:00,49.840521505450205
2024-07-28 04:06:00,50.31524401524496
2024-07-28 04:07:00,48.92375327779385
2024-07-28 04:08:00,49.26744188897253
2024-07-28 04:09:00,50.18172278106751
2024-07-28 04:10:00,50.93146379255261
2024-07-28 04:11:00,50.41752937340562
2024-07-28 04:12:00,49.65877453290001
2024-07-28 04:13:00,49.15397379231102
2024-07-28 04:14:00,50.37134311058081
2024-07-28 04:15:00,49.95970838897853
2024-07-28 04:16:00,50.29535210894719
2024-07-28 04:17:00,50.0576493611054
2024-07-28 04:18:00,50.01482146256025
2024-07-28 04:19:00,51.47931272294659
2024-07-28 04:20:00,49.99693501947721
2024-07-28 04:21:00,49.920377395373364
2024-07-28 04:22:00,49.93927566229799
2024-07-28 04:23:00,49.70823164164617
2024-07-28 04:24:00,50.49506644735766
2024-07-28 04:25:00,49.82312283310932
2024-07-28 04:26:00,50.3179713528223
2024-07-28 04:27:00,50.14230151490678
2024-07-28 04:28:00,50.609492931066214
2024-07-28 04:29:00,50.21008979849418
2024-07-28 04:30:00,49.393307609526175
2024-07-28 04:31:00,49.33675610747303
2024-07-28 04:32:00,50.704184573038454
2024-07-28 04:33:00,49.69564459836778
2024-07-28 04:34:00,49.339698710105175
2024-07-28 04:35:00,49.66519070006512
2024-07-28 04:36:00,50.632312643484006
2024-07-28 04:37:00,49.28989350052574
2024-07-28 04:38:00,49.566752398120194
2024-07-28 04:39:00,49.66659624560174
2024-07-28 04:40:00,49.3744050632634
2024-07-28 04:41:00,49.40783633074417
2024-07-28 04:42:00,49.24094601236817
2024-07-28 04:43:00,49.769406293431636
2024-07-28 04:44:00,49.822545584129955
2024-07-28 04:45:00,49.65873092289835
2024-07-28 04:46:00,49.17315108051618
2024-07-28 04:47:00,50.626667973428
2024-07-28 04:48:00,49.33546058541392
2024-07-28 04:49:00,50.13901685601144
2024-07-28 04:50:00,49.46261670344056
2024-07-28 04:51:00,50.33415843337077
2024-07-28 04:52:00,50.47791617758358
2024-07-28 04:53:00,49.56119320668617
2024-07-28 04:54:00,49.03814213515144
2024-07-28 04:55:00,50.347893659569806
2024-07-28 04:56:00,50.93790027335682
2024-07-28 04:57:00,50.207847269946214
2024-07-28 04:58:00,50.08027221073986
2024-07-28 04:59:00,50.40988030480509
2024-07-28 05:00:00,50.38252742299851
2024-07-28 05:01:00,49.58550558311949
2024-07-28 05:02:00,49.67042434465168
2024-07-28 05:03:00,50.305561775027954
2024-07-28 05:04:00,49.92799332625985
2024-07-28 05:05:00,50.658302797931775
2024-07-28 05:06:00,49.64782892643562
2024-07-28 05:07:00,50.37530495843424
2024-07-28 05:08:00,50.17131899068461
2024-07-28 05:09:00,49.936781218145185
2024-07-28 05:10:00,50.587955385917304
2024-07-28 05:11:00,50.340035766433715
2024-07-28 05:12:00,49.49751642330895
2024-07-28 05:13:00,50.320109340209925
2024-07-28 05:14:00,50.6874953157471
2024-07-28 05:15:00,49.93477765550769
2024-07-28 05:16:00,49.87567207480751
2024-07-28 05:17:00,49.665176426178235
2024-07-28 05:18:00,49.993198057162324
2024-07-28 05:19:00,50.34310034302646
2024-07-28 05:20:00,49.59116585021063
2024-07-28 05:21:00,49.32682121963138
2024-07-28 05:22:00,49.81212504450904
2024-07-28 05:23:00,49.31013751067063
2024-07-28 05:24:00,50.26160922064132
2024-07-28 05:25:00,49.7866551150031
2024-07-28 05:26:00,49.1222990777246
2024-07-28 05:27:00,49.82569624263075
2024-07-28 05:28:00,49.90369250710295
2024-07-28 05:29:00,50.22456780667986
2024-07-28 05:30:00,49.9273182284229
2024-07-28 05:31:00,50.934363228419905
2024-07-28 05:32:00,49.7406480742305
2024-07-28 05:33:00,49.968800725708846
2024-07-28 05:34:00,49.948544692868666
2024-07-28 05:35:00,49.85868580779649
2024-07-28 05:36:00,50.07121279250647
2024-07-28 05:37:00,50.270615648598834
2024-07-28 05:38:00,50.67004935176822
2024-07-28 05:39:00,49.215371936302766
2024-07-28 05:40:00,49.74482856309694
2024-07-28 05:41:00,49.77611428732388
2024-07-28 05:42:00,50.46892514868085
2024-07-28 05:43:00,49.821668469463326
2024-07-28 05:44:00,49.05241220346034
2024-07-28 05:45:00,50.04386523193329
2024-07-28 05:46:00,49.98315538422953
2024-07-28 05:47:00,50.089875782885656
2024-07-28 05:48:00,49.47991855951026
2024-07-28 05:49:00,50.859517340542254
2024-07-28 05:50:00,49.838070108107324
2024-07-28 05:51:00,49.905851570753164
2024-07-28 05:52:00,49.54999571509542
2024-07-28 05:53:00,49.53449899806264
2024-07-28 05:54:00,49.38863152012561
2024-07-28 05:55:00,49.803344574109424
2024-07-28 05:56:00,49.52120908062168
2024-07-28 05:57:00,51.02823367061261
2024-07-28 05:58:00,49.05575380980659
2024-07-28 05:59:00,49.4358347259091
2024-07-28 06:00:00,49.79929278577149
2024-07-28 06:01:00,50.33674563904916
2024-07-28 06:02:00,49.79312155930997
2024-07-28 06:03:00,50.33798169650149
2024-07-28 06:04:00,49.506598055354836
2024-07-28 06:05:00,50.02964556694735
2024-07-28 06:06:00,50.872020543505414
2024-07-28 06:07:00,49.51612780215026
2024-07-28 06:08:00,50.2097838379477
2024-07-28 06:09:00,50.10346375964163
2024-07-28 06:10:00,48.87423250700606
2024-07-28 06:11:00,49.70551472676466
2024-07-28 06:12:00,50.56557595265299
2024-07-28 06:13:00,50.06753883624235
2024-07-28 06:14:00,49.39386551855197
2024-07-28 06:15:00,50.34538863645782
2024-07-28 06:16:00,49.76043852734282
2024-07-28 06:17:00,50.18002536404042
2024-07-28 06:18:00,50.18846005721881
2024-07-28 06:19:00,49.44065219942721
2024-07-28 06:20:00,50.39491401736715
2024-07-28 06:21:00,49.49624559938241
2024-07-28 06:22:00,49.34710706682918
2024-07-28 06:23:00,49.55858550613898
2024-07-28 06:24:00,49.826954983068404
2024-07-28 06:25:00,50.05470157822063
2024-07-28 06:26:00,49.61370813381378
2024-07-28 06:27:00,50.37240965619756
2024-07-28 06:28:00,50.1257320920218
2024-07-28 06:29:00,49.652600892447246
2024-07-28 06:30:00,50.44449645879743
2024-07-28 06:31:00,50.58053417882324
2024-07-28 06:32:00,49.95065765159524
2024-07-28 06:33:00,49.89250847751806
2024-07-28 06:34:00,49.113114323371825
2024-07-28 06:35:00,49.796243703804265
2024-07-28 06:36:00,49.85424664371732
2024-07-28 06:37:00,50.122689703629845
2024-07-28 06:38:00,49.91578678418476
2024-07-28 06:39:00,50.12201346907025
2024-07-28 06:40:00,50.76704514465193
2024-07-28 06:41:00,49.73504295068316
2024-07-28 06:42:00,49.754513858717075
2024-07-28 06:43:00,49.34541734284871
2024-07-28 06:44:00,49.995669766629206
2024-07-28 06:45:00,50.488406491234805
2024-07-28 06:46:00,49.12446482540381
2024-07-28 06:47:00,49.6670715164903
2024-07-28 06:48:00,50.01797025125196
2024-07-28 06:49:00,50.42505144176222
2024-07-28 06:50:00,50.191435119513436
2024-07-28 06:51:00,50.16273181409107
2024-07-28 06:52:00,49.88784360701455
2024-07-28 06:53:00,50.24093712850936
2024-07-28 06:54:00,50.50715194176673
2024-07-28 06:55:00,49.1455041117254
2024-07-28 06:56:00,50.364267700417564
2024-07-28 06:57:00,49.95062009706664
2024-07-28 06:58:00,49.73500556789274
2024-07-28 06:59:00,48.77846210706034
2024-07-28 07:00:00,49.30982433817285
2024-07-28 07:01:00,50.84902949612363
2024-07-28 07:02:00,49.65572573376822
2024-07-28 07:03:00,49.45761561437346
2024-07-28 07:04:00,49.771787021928205
2024-07-28 07:05:00,49.627426389070706
2024-07-28 07:06:00,50.06217931630946
2024-07-28 07:07:00,50.75848683912331
2024-07-28 07:08:00,49.70669202457389
2024-07-28 07:09:00,50.07714502527593
2024-07-28 07:10:00,49.42638142937988
2024-07-28 07:11:00,50.760083221103265
2024-07-28 07:12:00,50.09452172120705
2024-07-28 07:13:00,49.45909043835469
2024-07-28 07:14:00,50.45215311006732
2024-07-28 07:15:00,50.5999938242913
2024-07-28 07:16:00,50.08072818170382
2024-07-28 07:17:00,49.18030151622961
2024-07-28 07:18:00,50.89258440675824
2024-07-28 07:19:00,50.15506126031326
2024-07-28 07:20:00,50.58522714868073
2024-07-28 07:21:00,49.724553397441426
2024-07-28 07:22:00,49.80068803763305
2024-07-28 07:23:00,50.05522655464528
2024-07-28 07:24:00,50.55670083901794
2024-07-28 07:25:00,50.07149501408358
2024-07-28 07:26:00,49.37158309373316
2024-07-28 07:27:00,50.13099459839167
2024-07-28 07:28:00,50.814767097255384
2024-07-28 07:29:00,50.032903141231415
2024-07-28 07:30:00,50.06469276188824
2024-07-28 07:31:00,49.36872812860809
2024-07-28 07:32:00,49.29850545613858
2024-07-28 07:33:00,49.68115393059338
2024-07-28 07:34:00,49.83674117669064
2024-07-28 07:35:00,50.05203036750514
2024-07-28 07:36:00,50.082978487237085
2024-07-28 07:37:00,50.800953825508465
2024-07-28 07:38:00,50.029343719224954
2024-07-28 07:39:00,50.53221134420546
2024-07-28 07:40:00,49.98033533267754
2024-07-28 07:41:00,50.72445180581288
2024-07-28 07:42:00,49.064801260626396
2024-07-28 07:43:00,49.70063411666079
2024-07-28 07:44:00,50.49151669812962
2024-07-28 07:45:00,49.91420199737164
2024-07-28 07:46:00,50.46576480669398
2024-07-28 07:47:00,50.19253305138864
2024-07-28 07:48:00,50.47293849185652
2024-07-28 07:49:00,50.30653386401442
2024-07-28 07:50:00,50.336824466906876
2024-07-28 07:51:00,50.746227693575776
2024-07-28 07:52:00,50.49323700935047
2024-07-28 07:53:00,50.49690335356821
2024-07-28 07:54:00,50.01020937939279
2024-07-28 07:55:00,49.70907489509156
2024-07-28 07:56:00,49.67021995586385
2024-07-28 07:57:00,50.37547229859484
2024-07-28 07:58:00,48.780769717977485
2024-07-28 07:59:00,49.346410905847854
2024-07-28 08:00:00,49.51837315706061
2024-07-28 08:01:00,49.87618931065319
2024-07-28 08:02:00,48.68428098159583
2024-07-28 08:03:00,50.62936065129467
2024-07-28 08:04:00,50.300087618164795
2024-07-28 08:05:00,50.992291199229285
2024-07-28 08:06:00,50.53110723446139
2024-07-28 08:07:00,50.51518966557602
2024-07-28 08:08:00,51.12533801551543
2024-07-28 08:09:00,49.714520956571285
2024-07-28 08:10:00,49.2482708003753
2024-07-28 08:11:00,49.88382130175363
2024-07-28 08:12:00,49.58750397307642
2024-07-28 08:13:00,49.87157731948778
2024-07-28 08:14:00,49.474890504870956
2024-07-28 08:15:00,50.283940033727
2024-07-28 08:16:00,50.256491424799364
2024-07-28 08:17:00,49.98653870471586
2024-07-28 08:18:00,50.15579075169144
2024-07-28 08:19:00,49.928974636435406
2024-07-28 08:20:00,50.376016834133644
2024-07-28 08:21:00,50.03482037474268
2024-07-28 08:22:00,49.86727718755211
2024-07-28 08:23:00,50.464792234971355
2024-07-28 08:24:00,50.63041063461338
2024-07-28 08:25:00,50.66872691282061
2024-07-28 08:26:00,49.50486265534026
2024-07-28 08:27:00,49.73277639597915
2024-07-28 08:28:00,49.14925195262615
2024-07-28 08:29:00,49.8807174908982
2024-07-28 08:30:00,50.208061907238815
2024-07-28 08:31:00,49.933599412744016
2024-07-28 08:32:00,50.96542543352415
2024-07-28 08:33:00,49.79707831244432
2024-07-28 08:34:00,49.455745722255536
2024-07-28 08:35:00,50.28425210333394
2024-07-28 08:36:00,50.07496691424908
2024-07-28 08:37:00,50.27482129790019
2024-07-28 08:38:00,50.15189396539309
2024-07-28 08:39:00,50.12188288026544
2024-07-28 08:40:00,48.938850558478705
2024-07-28 08:41:00,49.63694298624133
2024-07-28 08:42:00,49.704837541023565
2024-07-28 08:43:00,49.82601783103254
2024-07-28 08:44:00,49.775804180769526
2024-07-28 08:45:00,50.206409380843844
2024-07-28 08:46:00,50.30044125434601
2024-07-28 08:47:00,49.43417953662443
2024-07-28 08:48:00,50.34340220339734
2024-07-28 08:49:00,50.29288406933354
2024-07-28 08:50:00,50.23288503301911
2024-07-28 08:51:00,49.29105275598516
2024-07-28 08:52:00,50.2202911501445
2024-07-28 08:53:00,50.04129770976814
2024-07-28 08:54:00,50.480440037606925
2024-07-28 08:55:00,50.89217839765065
2024-07-28 08:56:00,50.79403394279713
2024-07-28 08:57:00,50.05632208611996
2024-07-28 08:58:00,49.99906265413711
2024-07-28 08:59:00,50.31597414200466
2024-07-28 09:00:00,49.44248002329028
2024-07-28 09:01:00,49.2746584291976
2024-07-28 09:02:00,49.7637347039875
2024-07-28 09:03:00,50.610284456857265
2024-07-28 09:04:00,49.83443585085877
2024-07-28 09:05:00,50.75129045290472
2024-07-28 09:06:00,48.6059435584575
2024-07-28 09:07:00,49.206396786606184
2024-07-28 09:08:00,49.93815563357215
2024-07-28 09:09:00,50.44409727067044
2024-07-28 09:10:00,49.96518845063996
2024-07-28 09:11:00,49.95217362775335
2024-07-28 09:12:00,49.93912925237145
2024-07-28 09:13:00,49.11855113279946
2024-07-28 09:14:00,50.579034437219924
2024-07-28 09:15:00,49.65861764008132
2024-07-28 09:16:00,50.544766328607224
2024-07-28 09:17:00,49.964738291018826
2024-07-28 09:18:00,50.53408019366454
2024-07-28 09:19:00,50.171628990488784
2024-07-28 09:20:00,49.946662754720876
2024-07-28 09:21:00,50.11313082353435
2024-07-28 09:22:00,49.26351119544421
2024-07-28 09:23:00,50.00301466358552
2024-07-28 09:24:00,50.85802016105607
2024-07-28 09:25:00,50.654096781994355
2024-07-28 09:26:00,49.50748820865096
2024-07-28 09:27:00,50.252842925668965
2024-07-28 09:28:00,50.12398994237377
2024-07-28 09:29:00,50.4085941400587
2024-07-28 09:30:00,50.0470764427611
2024-07-28 09:31:00,49.88324800343495
2024-07-28 09:32:00,50.665315388180325
2024-07-28 09:33:00,50.108198284136
2024-07-28 09:34:00,50.62773216097316
2024-07-28 09:35:00,50.48719310167225
2024-07-28 09:36:00,49.837756379240545
2024-07-28 09:37:00,49.91649986282142
2024-07-28 09:38:00,50.96491621699951
2024-07-28 09:39:00,50.09574116271995
2024-07-28 09:40:00,49.62068578831999
2024-07-28 09:41:00,49.39997836100749
2024-07-28 09:42:00,50.48706621762888
2024-07-28 09:43:00,50.08014686054813
2024-07-28 09:44:00,49.60395402473551
2024-07-28 09:45:00,50.337292415618315
2024-07-28 09:46:00,50.07987434752796
2024-07-28 09:47:00,49.16976246461852
2024-07-28 09:48:00,50.2943427773554
2024-07-28 09:49:00,50.66659535142162
2024-07-28 09:50:00,51.27992511531624
2024-07-28 09:51:00,50.017451282031004
2024-07-28 09:52:00,50.116324829105274
2024-07-28 09:53:00,50.8032984026174
2024-07-28 09:54:00,50.08436113346824
2024-07-28 09:55:00,50.13767093153996
2024-07-28 09:56:00,49.68469080428471
2024-07-28 09:57:00,49.302812443643404
2024-07-28 09:58:00,50.45634396790993
2024-07-28 09:59:00,49.363214881593876
2024-07-28 10:00:00,50.57032812147373
2024-07-28 10:01:00,49.60591722055617
2024-07-28 10:02:00,50.13261697919915
2024-07-28 10:03:00,49.81386413432086
2024-07-28 10:04:00,50.58730011897867
2024-07-28 10:05:00,50.150423201103294
2024-07-28 10:06:00,50.979547676253574
2024-07-28 10:07:00,49.45816116032021
2024-07-28 10:08:00,50.206931540767876
2024-07-28 10:09:00,50.02367094045356
2024-07-28 10:10:00,50.13997178562846
2024-07-28 10:11:00,50.79796058580522
2024-07-28 10:12:00,50.29265901504614
2024-07-28 10:13:00,49.426237295661394
2024-07-28 10:14:00,50.26675540916992
2024-07-28 10:15:00,49.79219031192213
2024-07-28 10:16:00,49.76332251496461
2024-07-28 10:17:00,50.52292866401668
2024-07-28 10:18:00,49.69883000848689
2024-07-28 10:19:00,49.81013483620993
2024-07-28 10:20:00,50.01620362720193
2024-07-28 10:21:00,50.473092948372695
2024-07-28 10:22:00,50.290794901430594
2024-07-28 10:23:00,49.88279254404107
2024-07-28 10:24:00,49.8639117671563
2024-07-28 10:25:00,49.419935169233234
2024-07-28 10:26:00,49.62008245570367
2024-07-28 10:27:00,49.672809457089755
2024-07-28 10:28:00,49.925354529126274
2024-07-28 10:29:00,50.993381518584584
2024-07-28 10:30:00,49.662265283106784
2024-07-28 10:31:00,49.85208546604718
2024-07-28 10:32:00,48.9738007975117
2024-07-28 10:33:00,50.300285547155255
2024-07-28 10:34:00,49.2112756030865
2024-07-28 10:35:00,49.54670523891782
2024-07-28 10:36:00,50.521167684220494
2024-07-28 10:37:00,48.94753578521052
2024-07-28 10:38:00,50.04796020619762
2024-07-28 10:39:00,50.40046482333256
2024-07-28 10:40:00,50.76272211822014
2024-07-28 10:41:00,49.539953445755195
2024-07-28 10:42:00,49.68798757488007
2024-07-28 10:43:00,50.9022181617013
2024-07-28 10:44:00,49.9874699277092
2024-07-28 10:45:00,49.631868032865164
2024-07-28 10:46:00,49.64125708134639
2024-07-28 10:47:00,49.51372183821627
2024-07-28 10:48:00,49.780163897287004
2024-07-28 10:49:00,50.544110238224675
2024-07-28 10:50:00,50.443883034286735
2024-07-28 10:51:00,49.412864848587326
2024-07-28 10:52:00,50.107293037352115
2024-07-28 10:53:00,49.79892013246374
2024-07-28 10:54:00,50.391220202052224
2024-07-28 10:55:00,49.92182013638535
2024-07-28 10:56:00,50.185762340899885
2024-07-28 10:57:00,49.92069739652075
2024-07-28 10:58:00,48.90645703468089
2024-07-28 10:59:00,50.023501222684324
2024-07-28 11:00:00,49.36412652523496
2024-07-28 11:01:00,50.37356420583842
2024-07-28 11:02:00,49.66008605380011
2024-07-28 11:03:00,49.69749367196351
2024-07-28 11:04:00,49.99554858749385
2024-07-28 11:05:00,50.28889697711219
2024-07-28 11:06:00,49.915128091100435
2024-07-28 11:07:00,50.82109138602251
2024-07-28 11:08:00,50.824408930742905
2024-07-28 11:09:00,50.85773429608499
2024-07-28 11:10:00,49.88284063772062
2024-07-28 11:11:00,49.25902077194857
2024-07-28 11:12:00,50.61003925711914
2024-07-28 11:13:00,49.791827357350115
2024-07-28 11:14:00,50.019083156001
2024-07-28 11:15:00,50.314160051427585
2024-07-28 11:16:00,49.19778179974367
2024-07-28 11:17:00,50.81456060266625
2024-07-28 11:18:00,50.437481164551656
2024-07-28 11:19:00,50.17613579103573
2024-07-28 11:20:00,50.44545837523935
2024-07-28 11:21:00,50.27847626966367
2024-07-28 11:22:00,50.05841405778454
2024-07-28 11:23:00,49.846112838927716
2024-07-28 11:24:00,49.63042886282211
2024-07-28 11:25:00,50.143607140451685
2024-07-28 11:26:00,50.180601529885834
2024-07-28 11:27:00,50.5415994013441
2024-07-28 11:28:00,50.1003300043596
2024-07-28 11:29:00,49.57339924210972
2024-07-28 11:30:00,49.21188357630167
2024-07-28 11:31:00,49.93621891899503
2024-07-28 11:32:00,49.98627081165522
2024-07-28 11:33:00,49.9509542086032
2024-07-28 11:34:00,49.23474355132219
2024-07-28 11:35:00,50.537232570267754
2024-07-28 11:36:00,50.53631487311689
2024-07-28 11:37:00,49.588357417692755
2024-07-28 11:38:00,50.40299105581108
2024-07-28 11:39:00,50.47641543090583
2024-07-28 11:40:00,50.01922353832385
2024-07-28 11:41:00,49.52575068690296
2024-07-28 11:42:00,50.80669076763051
2024-07-28 11:43:00,50.190460716886115
2024-07-28 11:44:00,49.87448127239398
2024-07-28 11:45:00,50.38642269783645
2024-07-28 11:46:00,50.81110424392507
2024-07-28 11:47:00,49.751419926655565
2024-07-28 11:48:00,50.34571127262839
2024-07-28 11:49:00,50.971580085362355
2024-07-28 11:50:00,49.44171758288226
2024-07-28 11:51:00,49.72537320563597
2024-07-28 11:52:00,49.701072459703894
2024-07-28 11:53:00,49.92083643147539
2024-07-28 11:54:00,49.895013132057905
2024-07-28 11:55:00,50.150397719683525
2024-07-28 11:56:00,49.589812239932634
2024-07-28 11:57:00,49.688668255559556
2024-07-28 11:58:00,50.150645241991285
2024-07-28 11:59:00,50.07745592986686
2024-07-28 12:00:00,50.4370399045801
2024-07-28 12:01:00,50.20467751246282
2024-07-28 12:02:00,50.38592331778038
2024-07-28 12:03:00,49.42852398022925
2024-07-28 12:04:00,49.80829184444211
2024-07-28 12:05:00,50.92418997544172
2024-07-28 12:06:00,50.19603902327584
2024-07-28 12:07:00,50.373696480773155
2024-07-28 12:08:00,50.136367368581396
2024-07-28 12:09:00,50.21266792846439
2024-07-28 12:10:00,49.884547974235915
2024-07-28 12:11:00,51.78578960901316
2024-07-28 12:12:00,49.80192203879515
2024-07-28 12:13:00,49.98083939112843
2024-07-28 12:14:00,48.78758183727238
2024-07-28 12:15:00,50.55313332879736
2024-07-28 12:16:00,49.723873525157536
2024-07-28 12:17:00,49.96960294699418
2024-07-28 12:18:00,49.73597972455909
2024-07-28 12:19:00,49.930658527362574
2024-07-28 12:20:00,49.85787645078968
2024-07-28 12:21:00,49.978479112109675
2024-07-28 12:22:00,49.973599258673076
2024-07-28 12:23:00,49.92289734425706
2024-07-28 12:24:00,49.91606138672686
2024-07-28 12:25:00,50.654259226163006
2024-07-28 12:26:00,50.44070845987963
2024-07-28 12:27:00,50.443721159223294
2024-07-28 12:28:00,49.63377555944411
2024-07-28 12:29:00,50.62841041592418
2024-07-28 12:30:00,50.56582225459795
2024-07-28 12:31:00,49.72329783559922
2024-07-28 12:32:00,50.7619260085999
2024-07-28 12:33:00,49.65838702850011
2024-07-28 12:34:00,49.07898408079746
2024-07-28 12:35:00,50.55076299307659
2024-07-28 12:36:00,49.940240609784965
2024-07-28 12:37:00,50.48846078228749
2024-07-28 12:38:00,49.6228989186379
2024-07-28 12:39:00,49.36911499412648
2024-07-28 12:40:00,50.61593589431199
2024-07-28 12:41:00,49.29636571830212
2024-07-28 12:42:00,49.21948474428132
2024-07-28 12:43:00,49.037206554617825
2024-07-28 12:44:00,48.60276385084621
2024-07-28 12:45:00,49.480447808367806
2024-07-28 12:46:00,48.91529602079398
2024-07-28 12:47:00,49.982197257695084
2024-07-28 12:48:00,48.88179132483768
2024-07-28 12:49:00,49.452863290412004
2024-07-28 12:50:00,51.16603099810483
2024-07-28 12:51:00,50.17256212030603
2024-07-28 12:52:00,50.02640283770386
2024-07-28 12:53:00,49.189624009840074
2024-07-28 12:54:00,49.87720116702562
2024-07-28 12:55:00,50.02405428156831
2024-07-28 12:56:00,49.19740960210647
2024-07-28 12:57:00,50.06309034044031
2024-07-28 12:58:00,50.59561622853255
2024-07-28 12:59:00,49.82587094058031
2024-07-28 13:00:00,49.901381815797855
2024-07-28 13:01:00,48.97895179225229
2024-07-28 13:02:00,49.30038306569521
2024-07-28 13:03:00,50.528847550714104
2024-07-28 13:04:00,49.669224676709746
2024-07-28 13:05:00,49.535144182778794
2024-07-28 13:06:00,49.65370844201432
2024-07-28 13:07:00,49.97126693649958
2024-07-28 13:08:00,49.4207920445671
2024-07-28 13:09:00,50.063258252985115
2024-07-28 13:10:00,49.31999616143847
2024-07-28 13:11:00,50.38700000103789
2024-07-28 13:12:00,49.4714721113302
2024-07-28 13:13:00,50.660134159466054
2024-07-28 13:14:00,49.994983673621306
2024-07-28 13:15:00,49.577177785802384
2024-07-28 13:16:00,50.45573030479116
2024-07-28 13:17:00,49.31275156044845
2024-07-28 13:18:00,49.726467177491294
2024-07-28 13:19:00,49.99996223669469
2024-07-28 13:20:00,49.9394165983559
2024-07-28 13:21:00,48.99570726581469
2024-07-28 13:22:00,49.539676728693316
2024-07-28 13:23:00,50.084117171211716
2024-07-28 13:24:00,49.34005422032004
2024-07-28 13:25:00,50.63321464933292
2024-07-28 13:26:00,50.24759044439299
2024-07-28 13:27:00,49.74287980464447
2024-07-28 13:28:00,49.88985376734997
2024-07-28 13:29:00,50.930782061915906
2024-07-28 13:30:00,50.46799422543816
2024-07-28 13:31:00,50.19010957243309
2024-07-28 13:32:00,49.29224061478286
2024-07-28 13:33:00,50.81480565932298
2024-07-28 13:34:00,50.52620053443699
2024-07-28 13:35:00,49.92579730622006
2024-07-28 13:36:00,49.725150965395606
2024-07-28 13:37:00,49.906048030611615
2024-07-28 13:38:00,49.39903165956651
2024-07-28 13:39:00,49.76460722114633
2024-07-28 13:40:00,50.38158025707726
2024-07-28 13:41:00,49.09618936137871
2024-07-28 13:42:00,49.84296281287886
2024-07-28 13:43:00,50.05687798643992
2024-07-28 13:44:00,50.051784018661664
2024-07-28 13:45:00,49.410531522983284
2024-07-28 13:46:00,49.40892355433647
2024-07-28 13:47:00,50.544582691229195
2024-07-28 13:48:00,49.38773545359185
2024-07-28 13:49:00,50.50432547815422
2024-07-28 13:50:00,49.75881734244575
2024-07-28 13:51:00,50.53989817515047
2024-07-28 13:52:00,49.78946074729749
2024-07-28 13:53:00,49.416764339691845
2024-07-28 13:54:00,50.42827742819673
2024-07-28 13:55:00,49.9913043888849
2024-07-28 13:56:00,50.72428829266222
2024-07-28 13:57:00,50.44610004256892
2024-07-28 13:58:00,49.8852866855281
2024-07-28 13:59:00,49.77516619916851
2024-07-28 14:00:00,50.011686171643625
2024-07-28 14:01:00,50.09510500892959
2024-07-28 14:02:00,49.559125736634094
2024-07-28 14:03:00,50.42096978651229
2024-07-28 14:04:00,49.8013182540948
2024-07-28 14:05:00,49.78848612742335
2024-07-28 14:06:00,49.72965583131375
2024-07-28 14:07:00,50.11550863367169
2024-07-28 14:08:00,49.65397369913957
2024-07-28 14:09:00,50.067485054995146
2024-07-28 14:10:00,51.383301535550935
2024-07-28 14:11:00,49.97319526996433
2024-07-28 14:12:00,49.78299763085067
2024-07-28 14:13:00,49.16615538592605
2024-07-28 14:14:00,50.02511096238204
2024-07-28 14:15:00,49.4453845283752
2024-07-28 14:16:00,49.812220940514216
2024-07-28 14:17:00,50.07580379682357
2024-07-28 14:18:00,49.13450527508893
2024-07-28 14:19:00,50.07873137619923
2024-07-28 14:20:00,50.152257587713024
2024-07-28 14:21:00,49.35144999016667
2024-07-28 14:22:00,49.803845403935455
2024-07-28 14:23:00,49.084666818911096
2024-07-28 14:24:00,50.7877504679212
2024-07-28 14:25:00,50.16528163827442
2024-07-28 14:26:00,49.910205749510446
2024-07-28 14:27:00,49.918282084671915
2024-07-28 14:28:00,50.56572180403288
2024-07-28 14:29:00,49.952917224039695
2024-07-28 14:30:00,50.165408385637875
2024-07-28 14:31:00,50.75931478018275
2024-07-28 14:32:00,49.8269164259989
2024-07-28 14:33:00,49.453682337746635
2024-07-28 14:34:00,49.58774971262319
2024-07-28 14:35:00,50.71433191721965
2024-07-28 14:36:00,50.04571415425703
2024-07-28 14:37:00,49.748834355865164
2024-07-28 14:38:00,50.48682218989958
2024-07-28 14:39:00,50.49897869283858
2024-07-28 14:40:00,49.76217611604678
2024-07-28 14:41:00,49.514031581457274
2024-07-28 14:42:00,49.214735699469394
2024-07-28 14:43:00,49.10305553953688
2024-07-28 14:44:00,49.867506774077
2024-07-28 14:45:00,49.553402026481606
2024-07-28 14:46:00,50.929237204903096
2024-07-28 14:47:00,50.02926887734751
2024-07-28 14:48:00,49.02892522837442
2024-07-28 14:49:00,50.70936463775503
2024-07-28 14:50:00,50.0808551547088
2024-07-28 14:51:00,50.352489740186556
2024-07-28 14:52:00,50.3410173884167
2024-07-28 14:53:00,50.14827828364327
2024-07-28 14:54:00,50.26167131521727
2024-07-28 14:55:00,50.119380335864854
2024-07-28 14:56:00,49.44680704701728
2024-07-28 14:57:00,50.183366099071236
2024-07-28 14:58:00,50.51195275249627
2024-07-28 14:59:00,49.894971793677094
2024-07-28 15:00:00,50.275651109034875
2024-07-28 15:01:00,50.20979457259903
2024-07-28 15:02:00,50.90782603195955
2024-07-28 15:03:00,49.87362484965012
2024-07-28 15:04:00,49.85399791861488
2024-07-28 15:05:00,49.94153412992662
2024-07-28 15:06:00,49.94880446244815
2024-07-28 15:07:00,48.863691144522846
2024-07-28 15:08:00,49.67869507926672
2024-07-28 15:09:00,50.149942533272885
2024-07-28 15:10:00,49.995871742666075
2024-07-28 15:11:00,49.600330422901436
2024-07-28 15:12:00,49.66761037391231
2024-07-28 15:13:00,49.82219343585152
2024-07-28 15:14:00,49.59921410959879
2024-07-28 15:15:00,49.7434746947783
2024-07-28 15:16:00,49.73030494026073
2024-07-28 15:17:00,50.44768542330359
2024-07-28 15:18:00,50.508195634270535
2024-07-28 15:19:00,50.466792547197336
2024-07-28 15:20:00,50.21335089958761
2024-07-28 15:21:00,49.64583875779323
2024-07-28 15:22:00,50.479915224996866
2024-07-28 15:23:00,49.84287470674028
2024-07-28 15:24:00,50.011526104129736
2024-07-28 15:25:00,50.669110265965294
2024-07-28 15:26:00,50.04199642806582
2024-07-28 15:27:00,50.12364201511881
2024-07-28 15:28:00,49.2936102570017
2024-07-28 15:29:00,50.24350464688343
2024-07-28 15:30:00,49.50999667634876
2024-07-28 15:31:00,50.50596982818395
2024-07-28 15:32:00,49.90770041141357
2024-07-28 15:33:00,48.881915578991446
2024-07-28 15:34:00,49.82098994871833
2024-07-28 15:35:00,49.885982730857044
2024-07-28 15:36:00,50.24273761303905
2024-07-28 15:37:00,50.33525619532358
2024-07-28 15:38:00,49.8361178776394
2024-07-28 15:39:00,50.50643409742694
2024-07-28 15:40:00,48.41647233567355
2024-07-28 15:41:00,49.643005500987385
2024-07-28 15:42:00,49.443817864581405
2024-07-28 15:43:00,49.37290824470754
2024-07-28 15:44:00,50.479853185673754
2024-07-28 15:45:00,50.41458519951242
2024-07-28 15:46:00,49.61211498979489
2024-07-28 15:47:00,50.58902850197998
2024-07-28 15:48:00,50.05073344622621
2024-07-28 15:49:00,49.789157949612424
2024-07-28 15:50:00,49.65353860181378
2024-07-28 15:51:00,49.610864136768456
2024-07-28 15:52:00,50.23638742872477
2024-07-28 15:53:00,50.3250774504835
2024-07-28 15:54:00,50.119250606093956
2024-07-28 15:55:00,48.97489116130845
2024-07-28 15:56:00,50.14817932802645
2024-07-28 15:57:00,50.2826982820194
2024-07-28 15:58:00,49.66539719726777
2024-07-28 15:59:00,50.021625271449174
2024-07-28 16:00:00,49.068057850349625
2024-07-28 16:01:00,49.385015469160116
2024-07-28 16:02:00,49.83788232587974
2024-07-28 16:03:00,49.84512442799195
2024-07-28 16:04:00,50.1758396858748
2024-07-28 16:05:00,49.406537306735295
2024-07-28 16:06:00,49.82939696768966
2024-07-28 16:07:00,49.75511010979329
2024-07-28 16:08:00,50.264005236989604
2024-07-28 16:09:00,50.71052138418417
2024-07-28 16:10:00,50.86046015990504
2024-07-28 16:11:00,49.21577997658432
2024-07-28 16:12:00,49.97599290412477
2024-07-28 16:13:00,49.44373534487762
2024-07-28 16:14:00,49.96762752425688
2024-07-28 16:15:00,50.21145963980798
2024-07-28 16:16:00,50.040745449351704
2024-07-28 16:17:00,49.97549415060277
2024-07-28 16:18:00,50.74151958738265
2024-07-28 16:19:00,50.360494695851955
2024-07-28 16:20:00,49.86367276923111
2024-07-28 16:21:00,50.01210568044765
2024-07-28 16:22:00,50.4354489033947
2024-07-28 16:23:00,50.30489525301964
2024-07-28 16:24:00,49.78746194814959
2024-07-28 16:25:00,49.11237857944822
2024-07-28 16:26:00,49.40767125361366
2024-07-28 16:27:00,50.07298961250676
2024-07-28 16:28:00,49.1067365736605
2024-07-28 16:29:00,49.92380275099178
2024-07-28 16:30:00,49.773215411906236
2024-07-28 16:31:00,50.4996264015236
2024-07-28 16:32:00,49.340978088262275
2024-07-28 16:33:00,49.034115510549505
2024-07-28 16:34:00,49.790179629194945
2024-07-28 16:35:00,50.31738156579676
2024-07-28 16:36:00,50.53495929946368
2024-07-28 16:37:00,49.54533649172003
2024-07-28 16:38:00,50.235131873798096
2024-07-28 16:39:00,49.44428477611882
2024-07-28 16:40:00,49.625586267215276
2024-07-28 16:41:00,50.28379736301388
2024-07-28 16:42:00,50.35907527127592
2024-07-28 16:43:00,49.50030962536324
2024-07-28 16:44:00,50.23744916146849
2024-07-28 16:45:00,49.065750093374724
2024-07-28 16:46:00,49.89867054641722
2024-07-28 16:47:00,49.43287598686083
2024-07-28 16:48:00,49.59615032990143
2024-07-28 16:49:00,49.36196132392782
2024-07-28 16:50:00,50.27681319766949
2024-07-28 16:51:00,50.27693723521593
2024-07-28 16:52:00,49.65439977733361
2024-07-28 16:53:00,50.1877911532218
2024-07-28 16:54:00,50.130636276567685
2024-07-28 16:55:00,49.93577412283328
2024-07-28 16:56:00,51.07908509979179
2024-07-28 16:57:00,49.57956069143007
2024-07-28 16:58:00,50.00715254535657
2024-07-28 16:59:00,49.80880648535222
2024-07-28 17:00:00,49.81410999268479
2024-07-28 17:01:00,50.07970600204574
2024-07-28 17:02:00,49.85280214990518
2024-07-28 17:03:00,49.56978661995388
2024-07-28 17:04:00,50.06211374897987
2024-07-28 17:05:00,50.59116582337699
2024-07-28 17:06:00,50.47138318998925
2024-07-28 17:07:00,50.101522244204354
2024-07-28 17:08:00,49.632301593100536
2024-07-28 17:09:00,50.09321480019973
2024-07-28 17:10:00,50.54232151167297
2024-07-28 17:11:00,50.59559463116349
2024-07-28 17:12:00,50.1798435297832
2024-07-28 17:13:00,49.81782139991689
2024-07-28 17:14:00,49.89862362528356
2024-07-28 17:15:00,50.386022963669255
2024-07-28 17:16:00,50.343173107435625
2024-07-28 17:17:00,49.12115019393101
2024-07-28 17:18:00,50.32930878239614
2024-07-28 17:19:00,50.35564417001476
2024-07-28 17:20:00,49.556404287497365
2024-07-28 17:21:00,49.61750944188816
2024-07-28 17:22:00,49.62141795094118
2024-07-28 17:23:00,49.659868598738576
2024-07-28 17:24:00,49.291625206402884
2024-07-28 17:25:00,50.15654596477597
2024-07-28 17:26:00,49.607140300616244
2024-07-28 17:27:00,49.96480808195435
2024-07-28 17:28:00,49.751215608475505
2024-07-28 17:29:00,50.127588760698345
2024-07-28 17:30:00,49.494691481964026
2024-07-28 17:31:00,50.12263268744823
2024-07-28 17:32:00,50.19489050797185
2024-07-28 17:33:00,50.41379729259931
2024-07-28 17:34:00,50.98388454469533
2024-07-28 17:35:00,48.95394911487289
2024-07-28 17:36:00,50.16015716718657
2024-07-28 17:37:00,49.64541857919663
2024-07-28 17:38:00,49.03747066354442
2024-07-28 17:39:00,50.42081531165333
2024-07-28 17:40:00,50.66609994194745
2024-07-28 17:41:00,49.80418614475037
2024-07-28 17:42:00,50.105458148111005
2024-07-28 17:43:00,49.96796162991842
2024-07-28 17:44:00,50.217098834046595
2024-07-28 17:45:00,50.440267874461796
2024-07-28 17:46:00,50.1724686678467
2024-07-28 17:47:00,50.17288496473008
2024-07-28 17:48:00,50.62986827143582
2024-07-28 17:49:00,49.91766888891169
2024-07-28 17:50:00,50.461532285649476
2024-07-28 17:51:00,49.58899978890424
2024-07-28 17:52:00,50.80354247335835
2024-07-28 17:53:00,50.368912696186456
2024-07-28 17:54:00,49.79812023305427
2024-07-28 17:55:00,48.94272592645517
2024-07-28 17:56:00,49.99984464143442
2024-07-28 17:57:00,49.40909529561463
2024-07-28 17:58:00,50.14981730158987
2024-07-28 17:59:00,50.725584411400234
2024-07-28 18:00:00,50.080029896398244
2024-07-28 18:01:00,49.910993692837735
2024-07-28 18:02:00,50.17110270199793
2024-07-28 18:03:00,50.142825098054935
2024-07-28 18:04:00,48.81856794577388
2024-07-28 18:05:00,50.12046843203526
2024-07-28 18:06:00,50.31013867805885
2024-07-28 18:07:00,49.870329182853645
2024-07-28 18:08:00,50.48927953907025
2024-07-28 18:09:00,49.9361627127085
2024-07-28 18:10:00,50.383499381240206
2024-07-28 18:11:00,51.136552553531075
2024-07-28 18:12:00,49.951804435486764
2024-07-28 18:13:00,49.028933917040874
2024-07-28 18:14:00,49.8317041379622
2024-07-28 18:15:00,49.13705499760496
2024-07-28 18:16:00,50.3056189132202
2024-07-28 18:17:00,50.65467548701655
2024-07-28 18:18:00,50.34793983085877
2024-07-28 18:19:00,50.160154106373135
2024-07-28 18:20:00,49.67753727123762
2024-07-28 18:21:00,50.787824872983236
2024-07-28 18:22:00,50.37663810599966
2024-07-28 18:23:00,50.142234778364774
2024-07-28 18:24:00,50.10243015952329
2024-07-28 18:25:00,50.055813679325006
2024-07-28 18:26:00,50.22610821197971
2024-07-28 18:27:00,49.6933364104692
2024-07-28 18:28:00,50.76262496700171
2024-07-28 18:29:00,50.07616987643697
2024-07-28 18:30:00,50.30002722523625
2024-07-28 18:31:00,49.78321636116529
2024-07-28 18:32:00,50.18745926678671
2024-07-28 18:33:00,48.85912378684676
2024-07-28 18:34:00,49.44085056077092
2024-07-28 18:35:00,49.98429342340677
2024-07-28 18:36:00,49.33876344497167
2024-07-28 18:37:00,51.219707031932586
2024-07-28 18:38:00,49.16595934304531
2024-07-28 18:39:00,50.17295037451797
2024-07-28 18:40:00,50.827886576737086
2024-07-28 18:41:00,50.24064352970604
2024-07-28 18:42:00,49.84488622330931
2024-07-28 18:43:00,49.72392795808361
2024-07-28 18:44:00,50.33662774438632
2024-07-28 18:45:00,49.599864659478726
2024-07-28 18:46:00,49.94025694509562
2024-07-28 18:47:00,50.34559930285904
2024-07-28 18:48:00,49.84606048671185
2024-07-28 18:49:00,50.043755005094354
2024-07-28 18:50:00,49.84795685372549
2024-07-28 18:51:00,49.51510119824657
2024-07-28 18:52:00,50.594575242361074
2024-07-28 18:53:00,50.6965331202915
2024-07-28 18:54:00,49.841650023048324
2024-07-28 18:55:00,49.86721192066071
2024-07-28 18:56:00,49.911050330510065
2024-07-28 18:57:00,50.269401636812894
2024-07-28 18:58:00,49.54734986737923
2024-07-28 18:59:00,49.9557373472237
2024-07-28 19:00:00,50.131479527584574
2024-07-28 19:01:00,50.321021074693626
2024-07-28 19:02:00,48.60958136255929
2024-07-28 19:03:00,50.201701604784255
2024-07-28 19:04:00,50.17292338095954
2024-07-28 19:05:00,50.50386411834982
2024-07-28 19:06:00,49.736867992389655
2024-07-28 19:07:00,49.74082339736547
2024-07-28 19:08:00,50.60125829333485
2024-07-28 19:09:00,49.21842164692539
2024-07-28 19:10:00,50.8145451456907
2024-07-28 19:11:00,51.277947229613915
2024-07-28 19:12:00,50.238725842352444
2024-07-28 19:13:00,50.4070492367883
2024-07-28 19:14:00,49.255209146450326
2024-07-28 19:15:00,49.652720106651216
2024-07-28 19:16:00,50.52893127358605
2024-07-28 19:17:00,50.18090767349112
2024-07-28 19:18:00,49.90928626848662
2024-07-28 19:19:00,50.11643456616977
2024-07-28 19:20:00,50.25348824216013
2024-07-28 19:21:00,49.85345214945648
2024-07-28 19:22:00,49.98552702751163
2024-07-28 19:23:00,49.98184631260053
2024-07-28 19:24:00,49.47386050929453
2024-07-28 19:25:00,50.16179731397955
2024-07-28 19:26:00,50.90179295730655
2024-07-28 19:27:00,50.865981065093095
2024-07-28 19:28:00,49.26180035207412
2024-07-28 19:29:00,50.285315609938365
2024-07-28 19:30:00,50.337751890452886
2024-07-28 19:31:00,49.79474476858818
2024-07-28 19:32:00,49.517899982643804
2024-07-28 19:33:00,49.33959284291418
2024-07-28 19:34:00,49.77764811057499
2024-07-28 19:35:00,50.175004568303606
2024-07-28 19:36:00,49.920970912116374
2024-07-28 19:37:00,49.694533455868424
2024-07-28 19:38:00,49.37542168432455
2024-07-28 19:39:00,50.17535812919415
2024-07-28 19:40:00,50.533271223484725
2024-07-28 19:41:00,49.536539013982754
2024-07-28 19:42:00,50.22421448207436
2024-07-28 19:43:00,49.0602623780448
2024-07-28 19:44:00,49.67126694552938
2024-07-28 19:45:00,50.36480205975788
2024-07-28 19:46:00,49.44111639530519
2024-07-28 19:47:00,49.697781637593785
2024-07-28 19:48:00,50.70898341421835
2024-07-28 19:49:00,49.63357800987373
2024-07-28 19:50:00,49.573027590385365
2024-07-28 19:51:00,50.287924180965334
2024-07-28 19:52:00,50.97736678157764
2024-07-28 19:53:00,49.88016502635294
2024-07-28 19:54:00,50.3843679301593
2024-07-28 19:55:00,50.67288459005751
2024-07-28 19:56:00,50.162776081440285
2024-07-28 19:57:00,49.86504104940747
2024-07-28 19:58:00,49.56183663068726
2024-07-28 19:59:00,49.28739451953947
2024-07-28 20:00:00,50.5558508725519
2024-07-28 20:01:00,50.09047857287094
2024-07-28 20:02:00,50.66640047121147
2024-07-28 20:03:00,50.494462658174854
2024-07-28 20:04:00,49.69151473998619
2024-07-28 20:05:00,49.40655665004982
2024-07-28 20:06:00,50.20633479146846
2024-07-28 20:07:00,49.683746557829394
2024-07-28 20:08:00,50.18834457050036
2024-07-28 20:09:00,49.634424031169296
2024-07-28 20:10:00,49.56938737340136
2024-07-28 20:11:00,49.929504595229645
2024-07-28 20:12:00,50.467050310203994
2024-07-28 20:13:00,50.15326994765679
2024-07-28 20:14:00,50.58918757433589
2024-07-28 20:15:00,49.383219148472385
2024-07-28 20:16:00,49.47146142923385
2024-07-28 20:17:00,49.955418150419845
2024-07-28 20:18:00,51.082850691646534
2024-07-28 20:19:00,50.33714305678119
2024-07-28 20:20:00,49.46669362897764
2024-07-28 20:21:00,49.96192977352115
2024-07-28 20:22:00,50.11035739540063
2024-07-28 20:23:00,49.715657127219494
2024-07-28 20:24:00,50.30663749552825
2024-07-28 20:25:00,49.921776930917595
2024-07-28 20:26:00,49.85033464089516
2024-07-28 20:27:00,50.63012839359624
2024-07-28 20:28:00,49.14516954891986
2024-07-28 20:29:00,49.51909732910765
2024-07-28 20:30:00,49.59134550927961
2024-07-28 20:31:00,49.57615946500065
2024-07-28 20:32:00,49.635623477354315
2024-07-28 20:33:00,50.244237978945414
2024-07-28 20:34:00,50.54826641420517
2024-07-28 20:35:00,50.458020630327944
2024-07-28 20:36:00,49.490218936735495
2024-07-28 20:37:00,49.94629105071506
2024-07-28 20:38:00,50.22613260673741
2024-07-28 20:39:00,50.12000147614272
2024-07-28 20:40:00,50.652873699754615
2024-07-28 20:41:00,49.66233288222799
2024-07-28 20:42:00,50.07815971055041
2024-07-28 20:43:00,49.80338464254696
2024-07-28 20:44:00,50.12553750954476
2024-07-28 20:45:00,49.46055154365515
2024-07-28 20:46:00,49.53553113952121
2024-07-28 20:47:00,49.63494457010576
2024-07-28 20:48:00,49.718165344422474
2024-07-28 20:49:00,50.77396163281638
2024-07-28 20:50:00,50.58770095714772
2024-07-28 20:51:00,49.89367516464303
2024-07-28 20:52:00,50.08646664710475
2024-07-28 20:53:00,49.2027819909448
2024-07-28 20:54:00,49.91035382672427
2024-07-28 20:55:00,50.07980735665586
2024-07-28 20:56:00,50.57284210670061
2024-07-28 20:57:00,50.163402359837484
2024-07-28 20:58:00,50.21644502938778
2024-07-28 20:59:00,50.14888144487523
2024-07-28 21:00:00,50.13450059483606
2024-07-28 21:01:00,49.30162041203251
2024-07-28 21:02:00,49.79162116582985
2024-07-28 21:03:00,50.71744339927077
2024-07-28 21:04:00,50.41194822130462
2024-07-28 21:05:00,50.24711724953257
2024-07-28 21:06:00,50.03335765461203
2024-07-28 21:07:00,50.32972069787283
2024-07-28 21:08:00,49.52755529552359
2024-07-28 21:09:00,49.20997021899312
2024-07-28 21:10:00,49.80895672388252
2024-07-28 21:11:00,50.26896152886189
2024-07-28 21:12:00,50.05391494113431
2024-07-28 21:13:00,50.50697933942247
2024-07-28 21:14:00,50.17572525828023
2024-07-28 21:15:00,50.02242109810717
2024-07-28 21:16:00,50.663742477007816
2024-07-28 21:17:00,50.566187889228736
2024-07-28 21:18:00,49.95095434939028
2024-07-28 21:19:00,49.44847506949196
2024-07-28 21:20:00,49.54631925387224
2024-07-28 21:21:00,49.919274430857925
2024-07-28 21:22:00,49.81659430817378
2024-07-28 21:23:00,50.82888116494033
2024-07-28 21:24:00,49.159932925527684
2024-07-28 21:25:00,49.96787110655539
2024-07-28 21:26:00,49.46688675630088
2024-07-28 21:27:00,50.05840093445653
2024-07-28 21:28:00,50.191132416446
2024-07-28 21:29:00,49.79755151279305
2024-07-28 21:30:00,50.26524070684076
2024-07-28 21:31:00,49.90068652974686
2024-07-28 21:32:00,49.910302193621916
2024-07-28 21:33:00,49.79105563729055
2024-07-28 21:34:00,50.32541214436579
2024-07-28 21:35:00,50.069250731853124
2024-07-28 21:36:00,50.786619814891395
2024-07-28 21:37:00,50.63501243841219
2024-07-28 21:38:00,50.27688730378529
2024-07-28 21:39:00,48.920279176949975
2024-07-28 21:40:00,49.257835843979684
2024-07-28 21:41:00,50.493125286394914
2024-07-28 21:42:00,49.762180720237474
2024-07-28 21:43:00,50.117421878839146
2024-07-28 21:44:00,49.68476230000014
2024-07-28 21:45:00,50.25894331525812
2024-07-28 21:46:00,50.47899497204725
2024-07-28 21:47:00,49.39518613020719
2024-07-28 21:48:00,49.59321428725623
2024-07-28 21:49:00,49.168135793334145
2024-07-28 21:50:00,50.116703655914385
2024-07-28 21:51:00,49.16735978958509
2024-07-28 21:52:00,49.81695915255068
2024-07-28 21:53:00,50.2598055732664
2024-07-28 21:54:00,51.02904646733748
2024-07-28 21:55:00,50.18420917114373
2024-07-28 21:56:00,50.62644237098746
2024-07-28 21:57:00,50.129579421279885
2024-07-28 21:58:00,50.15462170469251
2024-07-28 21:59:00,49.894538551113406
2024-07-28 22:00:00,49.808364933548184
2024-07-28 22:01:00,50.58718907577135
2024-07-28 22:02:00,50.187337176412484
2024-07-28 22:03:00,50.16814817244228
2024-07-28 22:04:00,49.695912369784466
2024-07-28 22:05:00,49.82747913428578
2024-07-28 22:06:00,51.03374524148953
2024-07-28 22:07:00,49.966249084785865
2024-07-28 22:08:00,50.663084029795996
2024-07-28 22:09:00,49.73987414433296
2024-07-28 22:10:00,50.40077208577414
2024-07-28 22:11:00,50.14489779942281
2024-07-28 22:12:00,49.798143447328435
2024-07-28 22:13:00,50.32428144927224
2024-07-28 22:14:00,49.228278045553765
2024-07-28 22:15:00,50.28731071446058
2024-07-28 22:16:00,50.39345161095582
2024-07-28 22:17:00,50.136536594056345
2024-07-28 22:18:00,50.65546184825193
2024-07-28 22:19:00,49.96594977265322
2024-07-28 22:20:00,49.92543040767442
2024-07-28 22:21:00,50.177519764554
2024-07-28 22:22:00,50.433853126360084
2024-07-28 22:23:00,50.28492025722624
2024-07-28 22:24:00,49.8866934626687
2024-07-28 22:25:00,49.50238607741068
2024-07-28 22:26:00,50.33173962797316
2024-07-28 22:27:00,49.60521436286343
2024-07-28 22:28:00,49.590862316019866
2024-07-28 22:29:00,49.67267841197865
2024-07-28 22:30:00,50.02885440337849
2024-07-28 22:31:00,49.60185176785475
2024-07-28 22:32:00,49.43215598160749
2024-07-28 22:33:00,49.670579027771105
2024-07-28 22:34:00,49.90833409476955
2024-07-28 22:35:00,50.22714223407254
2024-07-28 22:36:00,50.03363345538187
2024-07-28 22:37:00,49.45976895237556
2024-07-28 22:38:00,50.11433106578553
2024-07-28 22:39:00,50.161377760698
2024-07-28 22:40:00,49.77251840479273
2024-07-28 22:41:00,49.60187697058602
2024-07-28 22:42:00,49.60168492296881
2024-07-28 22:43:00,49.73409384157722
2024-07-28 22:44:00,51.10712101821794
2024-07-28 22:45:00,49.55546379560473
2024-07-28 22:46:00,50.13299958358944
2024-07-28 22:47:00,49.64294870181354
2024-07-28 22:48:00,49.74700844210734
2024-07-28 22:49:00,49.6469317803018
2024-07-28 22:50:00,50.40060119295329
2024-07-28 22:51:00,50.189553914271656
2024-07-28 22:52:00,49.9353280994296
2024-07-28 22:53:00,50.25146747332489
2024-07-28 22:54:00,50.37173284763692
2024-07-28 22:55:00,49.57464247679925
2024-07-28 22:56:00,50.273626206591516
2024-07-28 22:57:00,49.64118415778919
2024-07-28 22:58:00,50.41896761359676
2024-07-28 22:59:00,50.370099239693275
2024-07-28 23:00:00,50.20185152534839
2024-07-28 23:01:00,49.89503682938798
2024-07-28 23:02:00,49.73694536843945
2024-07-28 23:03:00,49.868185650663456
2024-07-28 23:04:00,50.38457738202676
2024-07-28 23:05:00,49.65883447716616
2024-07-28 23:06:00,50.02483561998517
2024-07-28 23:07:00,49.126185415339116
2024-07-28 23:08:00,50.13018732926215
2024-07-28 23:09:00,49.482235791289526
2024-07-28 23:10:00,49.34093163408247
2024-07-28 23:11:00,50.25935744097032
2024-07-28 23:12:00,50.10516876506691
2024-07-28 23:13:00,49.77831125517599
2024-07-28 23:14:00,49.848952162115346
2024-07-28 23:15:00,51.13551688372835
2024-07-28 23:16:00,49.902927853488514
2024-07-28 23:17:00,49.89939198586121
2024-07-28 23:18:00,50.32615263957737
2024-07-28 23:19:00,50.04360616863418
2024-07-28 23:20:00,50.49371422487879
2024-07-28 23:21:00,50.13872440094107
2024-07-28 23:22:00,50.38054457126919
2024-07-28 23:23:00,50.22166520649242
2024-07-28 23:24:00,50.32265188241182
2024-07-28 23:25:00,49.97867351507691
2024-07-28 23:26:00,50.111263888634554
2024-07-28 23:27:00,49.86448225339971
2024-07-28 23:28:00,50.30208475369317
2024-07-28 23:29:00,49.32698065771733
2024-07-28 23:30:00,50.36306814494403
2024-07-28 23:31:00,50.4990126751111
2024-07-28 23:32:00,50.37088088895736
2024-07-28 23:33:00,49.94795114024169
2024-07-28 23:34:00,50.25261460555348
2024-07-28 23:35:00,49.611710666028124
2024-07-28 23:36:00,50.418551106950524
2024-07-28 23:37:00,49.45039235470415
2024-07-28 23:38:00,50.29686556062477
2024-07-28 23:39:00,50.2663286973067
2024-07-28 23:40:00,50.20336391813185
2024-07-28 23:41:00,49.77645817787637
2024-07-28 23:42:00,50.380083116483775
2024-07-28 23:43:00,49.08136756871818
2024-07-28 23:44:00,50.38861090618398
2024-07-28 23:45:00,50.095718954766454
2024-07-28 23:46:00,50.52547933627093
2024-07-28 23:47:00,50.100024492458274
2024-07-28 23:48:00,50.91909507337986
2024-07-28 23:49:00,49.529090333275924
2024-07-28 23:50:00,50.304703659250784
2024-07-28 23:51:00,49.55699775542214
2024-07-28 23:52:00,49.93680690977289
2024-07-28 23:53:00,50.37118629382134
2024-07-28 23:54:00,50.31271516310525
2024-07-28 23:55:00,51.039769340178836
2024-07-28 23:56:00,49.82429663331825
2024-07-28 23:57:00,50.64300067207309
2024-07-28 23:58:00,49.8728499064349
2024-07-28 23:59:00,49.64954995585765
