Timestamp,Vibration
2024-07-28 09:00:00,1.9634250169646124
2024-07-28 09:00:01,0.2757696913146765
2024-07-28 09:00:02,0.0075155454567398805
2024-07-28 09:00:03,1.1478628591196574
2024-07-28 09:00:04,-0.4008004392125469
2024-07-28 09:00:05,0.03963060601543211
2024-07-28 09:00:06,-0.3153551412334846
2024-07-28 09:00:07,0.33256030988427976
2024-07-28 09:00:08,0.25183509079295796
2024-07-28 09:00:09,-0.2519803877248916
2024-07-28 09:00:10,0.4238876766484414
2024-07-28 09:00:11,-0.1984257864356832
2024-07-28 09:00:12,0.7988226268535386
2024-07-28 09:00:13,0.549887422115148
2024-07-28 09:00:14,-1.7098747915222305
2024-07-28 09:00:15,-1.3423562790203114
2024-07-28 09:00:16,1.6881820604869386
2024-07-28 09:00:17,0.4909968137764722
2024-07-28 09:00:18,-0.921603658200835
2024-07-28 09:00:19,-1.6134204899644158
2024-07-28 09:00:20,-1.379416820069316
2024-07-28 09:00:21,-0.5685168781224372
2024-07-28 09:00:22,0.9234143855304427
2024-07-28 09:00:23,0.2551153563985745
2024-07-28 09:00:24,-0.16164939144269092
2024-07-28 09:00:25,0.770769708316224
2024-07-28 09:00:26,0.11292463092442051
2024-07-28 09:00:27,0.727768678440413
2024-07-28 09:00:28,-0.4996436115139817
2024-07-28 09:00:29,-0.22279669415325953
2024-07-28 09:00:30,1.8085763659815912
2024-07-28 09:00:31,-0.04374630872829033
2024-07-28 09:00:32,-0.42374527088844016
2024-07-28 09:00:33,0.4123985250919502
2024-07-28 09:00:34,-1.0034296314368758
2024-07-28 09:00:35,-1.4077534054388408
2024-07-28 09:00:36,-1.1028792277140882
2024-07-28 09:00:37,-0.8484999440191058
2024-07-28 09:00:38,0.5763879259456235
2024-07-28 09:00:39,-1.2308102632823896
2024-07-28 09:00:40,0.8821019486856978
2024-07-28 09:00:41,3.4699446145157298
2024-07-28 09:00:42,0.4555313142464047
2024-07-28 09:00:43,0.14151092545263377
2024-07-28 09:00:44,-0.5059012640718701
2024-07-28 09:00:45,-1.5273800176449355
2024-07-28 09:00:46,0.8281923226541739
2024-07-28 09:00:47,0.45545100431297836
2024-07-28 09:00:48,-0.5466649285142327
2024-07-28 09:00:49,-0.6968443160742289
2024-07-28 09:00:50,0.034732713718095554
2024-07-28 09:00:51,0.335384949424197
2024-07-28 09:00:52,-0.9977691543143917
2024-07-28 09:00:53,-0.8790701209935421
2024-07-28 09:00:54,-0.41550039863268756
2024-07-28 09:00:55,0.06430018653146075
2024-07-28 09:00:56,-0.7184007227345159
2024-07-28 09:00:57,0.4524090879219219
2024-07-28 09:00:58,0.19540681554746253
2024-07-28 09:00:59,0.2689805317233318
2024-07-28 09:01:00,1.1868131861013627
2024-07-28 09:01:01,0.1930158355469783
2024-07-28 09:01:02,-0.7987734408660352
2024-07-28 09:01:03,-1.0142724226557052
2024-07-28 09:01:04,-1.8859719101321706
2024-07-28 09:01:05,-2.73978785225494
2024-07-28 09:01:06,-0.5796550365112987
2024-07-28 09:01:07,1.2927486698747417
2024-07-28 09:01:08,0.8278186558566106
2024-07-28 09:01:09,-0.32709381093845047
2024-07-28 09:01:10,0.19548757503658237
2024-07-28 09:01:11,-0.5753111433501511
2024-07-28 09:01:12,-0.9144287809383287
2024-07-28 09:01:13,-0.781959602812819
2024-07-28 09:01:14,1.330217389919043
2024-07-28 09:01:15,1.8134367671083522
2024-07-28 09:01:16,2.283745138859587
2024-07-28 09:01:17,1.6720272885895193
2024-07-28 09:01:18,-0.08563738628172324
2024-07-28 09:01:19,0.14534502632495758
2024-07-28 09:01:20,-0.9464938280827595
2024-07-28 09:01:21,-1.5746126541872612
2024-07-28 09:01:22,-0.6316716631850433
2024-07-28 09:01:23,-0.44447206894558755
2024-07-28 09:01:24,0.13536650324761673
2024-07-28 09:01:25,0.3257562686715084
2024-07-28 09:01:26,1.2439556337213202
2024-07-28 09:01:27,0.8997530326029343
2024-07-28 09:01:28,-0.4851974396568437
2024-07-28 09:01:29,1.1320992313288631
2024-07-28 09:01:30,0.8351604384413713
2024-07-28 09:01:31,1.6683879496576028
2024-07-28 09:01:32,2.4264494121867357
2024-07-28 09:01:33,-1.156864944546348
2024-07-28 09:01:34,-0.6976561657792737
2024-07-28 09:01:35,-0.05312175050568657
2024-07-28 09:01:36,-0.25735709526925266
2024-07-28 09:01:37,0.03965448512246311
2024-07-28 09:01:38,0.3597447721435571
2024-07-28 09:01:39,-0.7901503129830723
2024-07-28 09:01:40,0.9909694421933697
2024-07-28 09:01:41,-0.36687150192140927
2024-07-28 09:01:42,-2.141226508253063
2024-07-28 09:01:43,0.20140043010829742
2024-07-28 09:01:44,-1.3879383038978659
2024-07-28 09:01:45,-2.0952085147532573
2024-07-28 09:01:46,-0.07704924152665076
2024-07-28 09:01:47,0.5497382635877566
2024-07-28 09:01:48,0.9333619855876172
2024-07-28 09:01:49,-1.0945310167320565
2024-07-28 09:01:50,-1.3609207538608836
2024-07-28 09:01:51,-2.0679592436902676
2024-07-28 09:01:52,-0.2775190135819845
2024-07-28 09:01:53,-0.08502598260708272
2024-07-28 09:01:54,-0.35825389084051723
2024-07-28 09:01:55,1.1457273852488385
2024-07-28 09:01:56,0.7145736167130178
2024-07-28 09:01:57,0.31077541495834976
2024-07-28 09:01:58,-0.5569486489423667
2024-07-28 09:01:59,1.5794492550269252
2024-07-28 09:02:00,2.086372939709215
2024-07-28 09:02:01,-0.3064760979656763
2024-07-28 09:02:02,-1.1134316367886994
2024-07-28 09:02:03,-0.5363168242142018
2024-07-28 09:02:04,0.28850465530433833
2024-07-28 09:02:05,0.5800526318313258
2024-07-28 09:02:06,0.6149167899163743
2024-07-28 09:02:07,-0.23868754685562654
2024-07-28 09:02:08,-1.7280102908738497
2024-07-28 09:02:09,-2.8489072704025356
2024-07-28 09:02:10,0.5441700729762895
2024-07-28 09:02:11,1.0818374640963975
2024-07-28 09:02:12,0.7069157466038984
2024-07-28 09:02:13,0.04030834903721814
2024-07-28 09:02:14,-2.6574552393132223
2024-07-28 09:02:15,-1.810509408582222
2024-07-28 09:02:16,0.9649980237991683
2024-07-28 09:02:17,0.7971946304074142
2024-07-28 09:02:18,1.1407440218320843
2024-07-28 09:02:19,2.099752820850334
2024-07-28 09:02:20,1.7242717425198641
2024-07-28 09:02:21,-0.8573318884156104
2024-07-28 09:02:22,-1.7199593033361877
2024-07-28 09:02:23,-0.7738808140467492
2024-07-28 09:02:24,0.48982522735193024
2024-07-28 09:02:25,0.4953374104618857
2024-07-28 09:02:26,-0.006296039145220894
2024-07-28 09:02:27,-0.7603221214969812
2024-07-28 09:02:28,0.6789287595529939
2024-07-28 09:02:29,1.9441202976759921
2024-07-28 09:02:30,2.4136712516273313
2024-07-28 09:02:31,1.5591165403391725
2024-07-28 09:02:32,-0.6712270931960489
2024-07-28 09:02:33,0.3772333739891456
2024-07-28 09:02:34,1.3332111632334775
2024-07-28 09:02:35,2.5215510385815914
2024-07-28 09:02:36,-0.9574313363184805
2024-07-28 09:02:37,-2.617967495660761
2024-07-28 09:02:38,1.0445676540690658
2024-07-28 09:02:39,2.6029783578059327
2024-07-28 09:02:40,-0.8078589367222634
2024-07-28 09:02:41,0.3972491963083453
2024-07-28 09:02:42,2.1866754000967354
2024-07-28 09:02:43,-0.10740342560467875
2024-07-28 09:02:44,1.542867081175455
2024-07-28 09:02:45,-0.06320451906108404
2024-07-28 09:02:46,-0.8495675757911264
2024-07-28 09:02:47,-0.5748494782602596
2024-07-28 09:02:48,1.3045971187559946
2024-07-28 09:02:49,1.137948081787143
2024-07-28 09:02:50,-2.226575390875334
2024-07-28 09:02:51,-1.0660551936107945
2024-07-28 09:02:52,1.3408029597208742
2024-07-28 09:02:53,-0.13345404487950097
2024-07-28 09:02:54,-1.8416970837731277
2024-07-28 09:02:55,-0.3728239159921388
2024-07-28 09:02:56,0.9487612781550654
2024-07-28 09:02:57,-0.3982207206269674
2024-07-28 09:02:58,-1.6149916418388264
2024-07-28 09:02:59,0.20463355335849454
2024-07-28 09:03:00,1.3015499855879125
2024-07-28 09:03:01,-0.9551895426537161
2024-07-28 09:03:02,0.014508943561208354
2024-07-28 09:03:03,0.5893534816301009
2024-07-28 09:03:04,-0.5272822165968173
2024-07-28 09:03:05,2.53406847554399
2024-07-28 09:03:06,0.008821725492299759
2024-07-28 09:03:07,-1.6486195783833844
2024-07-28 09:03:08,-0.8868262458778874
2024-07-28 09:03:09,0.6690515862065585
2024-07-28 09:03:10,-0.03337733022938427
2024-07-28 09:03:11,-2.0756474531946867
2024-07-28 09:03:12,-1.256649561583169
2024-07-28 09:03:13,1.2674773132180825
2024-07-28 09:03:14,0.5267480361779531
2024-07-28 09:03:15,-1.972966243815848
2024-07-28 09:03:16,1.3775172219956473
2024-07-28 09:03:17,0.1537884076893159
2024-07-28 09:03:18,-1.357850718235635
2024-07-28 09:03:19,0.3663035677363657
2024-07-28 09:03:20,0.5754891977443107
2024-07-28 09:03:21,2.4995458825031194
2024-07-28 09:03:22,2.103013358564831
2024-07-28 09:03:23,-0.0013638632146597551
2024-07-28 09:03:24,2.2740424966632773
2024-07-28 09:03:25,-0.05292322194019938
2024-07-28 09:03:26,-2.19762128899627
2024-07-28 09:03:27,0.025771462845507007
2024-07-28 09:03:28,-0.3496681151072991
2024-07-28 09:03:29,-0.4742392103833728
2024-07-28 09:03:30,1.168691317538588
2024-07-28 09:03:31,1.5613938919152524
2024-07-28 09:03:32,0.9470592361648069
2024-07-28 09:03:33,0.5853072394770737
2024-07-28 09:03:34,0.1683425854886409
2024-07-28 09:03:35,-0.9480845901794973
2024-07-28 09:03:36,1.2229328553533705
2024-07-28 09:03:37,1.8437051719951882
2024-07-28 09:03:38,-0.0348035208136213
2024-07-28 09:03:39,0.9999201309408512
2024-07-28 09:03:40,0.7999399810038756
2024-07-28 09:03:41,0.9934128506876927
2024-07-28 09:03:42,-0.20853659889726828
2024-07-28 09:03:43,-0.6494013389680559
2024-07-28 09:03:44,-1.3403201467704955
2024-07-28 09:03:45,-1.036117748981959
2024-07-28 09:03:46,-1.5749537275151049
2024-07-28 09:03:47,-0.5807569759919515
2024-07-28 09:03:48,0.9105880382119405
2024-07-28 09:03:49,0.9444719474580098
2024-07-28 09:03:50,0.9710817876127218
2024-07-28 09:03:51,0.4859237074104767
2024-07-28 09:03:52,-0.1231840702961518
2024-07-28 09:03:53,-0.14204524311891692
2024-07-28 09:03:54,-0.39511884658946583
2024-07-28 09:03:55,-3.001526148605221
2024-07-28 09:03:56,-1.3158656663340869
2024-07-28 09:03:57,1.4720133227119008
2024-07-28 09:03:58,0.4008825806002807
2024-07-28 09:03:59,-0.4835549582795205
2024-07-28 09:04:00,-0.7251163118796154
2024-07-28 09:04:01,2.3785650371128084
2024-07-28 09:04:02,2.207885340620539
2024-07-28 09:04:03,-0.8286994172981227
2024-07-28 09:04:04,-0.6864286903408526
2024-07-28 09:04:05,-0.38645816739336836
2024-07-28 09:04:06,-0.3737858897913293
2024-07-28 09:04:07,-0.5570532394717522
2024-07-28 09:04:08,0.049264609908493545
2024-07-28 09:04:09,0.2209967826981772
2024-07-28 09:04:10,-0.33471349161422026
2024-07-28 09:04:11,0.10534745975541832
2024-07-28 09:04:12,-0.9301528539228758
2024-07-28 09:04:13,-2.2771047735166845
2024-07-28 09:04:14,-1.010052058297933
2024-07-28 09:04:15,0.10841629459983879
2024-07-28 09:04:16,0.9960103644075269
2024-07-28 09:04:17,2.1616879326323377
2024-07-28 09:04:18,2.006699853997093
2024-07-28 09:04:19,-0.5499591825783293
2024-07-28 09:04:20,-0.8811660141340558
2024-07-28 09:04:21,0.8689532652673234
2024-07-28 09:04:22,-0.32103043205734044
2024-07-28 09:04:23,-2.037375162071012
2024-07-28 09:04:24,-0.9171606369040985
2024-07-28 09:04:25,-0.03129682567870384
2024-07-28 09:04:26,-0.7689037330811261
2024-07-28 09:04:27,-0.301473625901723
2024-07-28 09:04:28,0.780171120901413
2024-07-28 09:04:29,0.39126944427120575
2024-07-28 09:04:30,-0.036632441224945606
2024-07-28 09:04:31,0.8807863219161502
2024-07-28 09:04:32,-0.9206868093663323
2024-07-28 09:04:33,-1.2847008739264731
2024-07-28 09:04:34,0.5596114543575942
2024-07-28 09:04:35,-0.5943485205502093
2024-07-28 09:04:36,-0.9475631645264893
2024-07-28 09:04:37,1.0110266447244551
2024-07-28 09:04:38,-0.5719836199271492
2024-07-28 09:04:39,-0.7710795643284863
2024-07-28 09:04:40,0.24105907081300235
2024-07-28 09:04:41,0.6078131633816835
2024-07-28 09:04:42,0.34695278808205654
2024-07-28 09:04:43,-0.8799425187393827
2024-07-28 09:04:44,0.42495726838190767
2024-07-28 09:04:45,1.9303152043435774
2024-07-28 09:04:46,-0.4941794135233206
2024-07-28 09:04:47,0.5187900371419966
2024-07-28 09:04:48,0.8908924463096177
2024-07-28 09:04:49,-0.10978589325257465
2024-07-28 09:04:50,-0.032638281685863746
2024-07-28 09:04:51,1.746517416208284
2024-07-28 09:04:52,1.098169337294571
2024-07-28 09:04:53,-0.12397551770495119
2024-07-28 09:04:54,0.6409749282752717
2024-07-28 09:04:55,-1.2129147810216576
2024-07-28 09:04:56,0.05917730800081711
2024-07-28 09:04:57,1.342130807424095
2024-07-28 09:04:58,-0.14752476437986597
2024-07-28 09:04:59,0.32652366650260284
2024-07-28 09:05:00,1.2842671306816127
2024-07-28 09:05:01,0.3021533737146451
2024-07-28 09:05:02,-1.2661068414749614
2024-07-28 09:05:03,-1.0225491721063684
2024-07-28 09:05:04,-0.543498818369923
2024-07-28 09:05:05,-0.9516117889965319
2024-07-28 09:05:06,-0.5111950737602764
2024-07-28 09:05:07,0.3538805068816447
2024-07-28 09:05:08,-0.5864576553881304
2024-07-28 09:05:09,-0.2773910865753778
2024-07-28 09:05:10,1.2426848065093936
2024-07-28 09:05:11,1.1403512084451788
2024-07-28 09:05:12,0.6139999075073975
2024-07-28 09:05:13,-0.548147850902601
2024-07-28 09:05:14,0.03976397265706505
2024-07-28 09:05:15,-0.5111267335647643
2024-07-28 09:05:16,-0.8519335162521066
2024-07-28 09:05:17,0.444058292963165
2024-07-28 09:05:18,-1.7793470525401966
2024-07-28 09:05:19,0.7870612015781249
2024-07-28 09:05:20,-0.3180073341126435
2024-07-28 09:05:21,-2.4064943529752068
2024-07-28 09:05:22,0.37239795373624607
2024-07-28 09:05:23,-0.9169592725907583
2024-07-28 09:05:24,-1.545583912660514
2024-07-28 09:05:25,-0.07862102457296173
2024-07-28 09:05:26,0.19336359944141207
2024-07-28 09:05:27,-0.299776827466917
2024-07-28 09:05:28,-0.46404557510474054
2024-07-28 09:05:29,0.2931011780251098
2024-07-28 09:05:30,0.9379085354840637
2024-07-28 09:05:31,0.8861541639385981
2024-07-28 09:05:32,0.4880926730944116
2024-07-28 09:05:33,1.5021096802126377
2024-07-28 09:05:34,0.10079253953477696
2024-07-28 09:05:35,-0.22539847899708987
2024-07-28 09:05:36,3.614553851016696
2024-07-28 09:05:37,2.24319009864376
2024-07-28 09:05:38,-0.6488795873262201
2024-07-28 09:05:39,-0.32038949586619325
2024-07-28 09:05:40,0.4138703590478353
2024-07-28 09:05:41,-0.7477949618301951
2024-07-28 09:05:42,0.06312991317646721
2024-07-28 09:05:43,0.24262303848988442
2024-07-28 09:05:44,0.09896085771424207
2024-07-28 09:05:45,2.221106807222521
2024-07-28 09:05:46,2.560046957612889
2024-07-28 09:05:47,0.9941367319962839
2024-07-28 09:05:48,0.2476422052100084
2024-07-28 09:05:49,0.70617040585357
2024-07-28 09:05:50,2.1600489041969864
2024-07-28 09:05:51,1.4861435146531523
2024-07-28 09:05:52,2.129356313586292
2024-07-28 09:05:53,1.0563844541775849
2024-07-28 09:05:54,-1.00183178951595
2024-07-28 09:05:55,-0.3384141179792398
2024-07-28 09:05:56,-0.9823008814932296
2024-07-28 09:05:57,-0.8392104690744492
2024-07-28 09:05:58,-1.5125071748205754
2024-07-28 09:05:59,-1.179166885438114
2024-07-28 09:06:00,-0.2806030642606836
2024-07-28 09:06:01,0.032780856298802785
2024-07-28 09:06:02,1.2273871305142758
2024-07-28 09:06:03,0.4270891135069259
2024-07-28 09:06:04,-1.870991808934677
2024-07-28 09:06:05,-0.6492402502588294
2024-07-28 09:06:06,-0.4019113167618812
2024-07-28 09:06:07,-1.66085135637517
2024-07-28 09:06:08,0.568423056894847
2024-07-28 09:06:09,1.7296126923221338
2024-07-28 09:06:10,-0.5113963116117056
2024-07-28 09:06:11,-0.39397533802964474
2024-07-28 09:06:12,0.3775832291459681
2024-07-28 09:06:13,-0.7428373864485363
2024-07-28 09:06:14,-1.2992462139067555
2024-07-28 09:06:15,-0.9339365012242851
2024-07-28 09:06:16,1.5222542140679378
2024-07-28 09:06:17,1.1388484056288997
2024-07-28 09:06:18,0.5732190521089381
2024-07-28 09:06:19,-0.09008495666292154
2024-07-28 09:06:20,0.5092389727337878
2024-07-28 09:06:21,-0.6956567035268139
2024-07-28 09:06:22,0.4132292521190257
2024-07-28 09:06:23,0.9282820716284151
2024-07-28 09:06:24,-1.4995603189197286
2024-07-28 09:06:25,-0.7757199388741545
2024-07-28 09:06:26,0.2511755644702901
2024-07-28 09:06:27,-0.7137437113131859
2024-07-28 09:06:28,-1.616634555194374
2024-07-28 09:06:29,-0.39405798964574335
2024-07-28 09:06:30,-0.21261906220848031
2024-07-28 09:06:31,-1.156767514013729
2024-07-28 09:06:32,-1.8032117164968073
2024-07-28 09:06:33,-0.4398245219690826
2024-07-28 09:06:34,1.6471164790545605
2024-07-28 09:06:35,-0.9192714107039873
2024-07-28 09:06:36,-2.0981987134930438
2024-07-28 09:06:37,-1.1638943777909267
2024-07-28 09:06:38,-0.4633451957752276
2024-07-28 09:06:39,0.1412169739073888
2024-07-28 09:06:40,-1.1972223969264362
2024-07-28 09:06:41,0.663137487460684
2024-07-28 09:06:42,1.3217296772172427
2024-07-28 09:06:43,-1.1592481092404723
2024-07-28 09:06:44,-0.6694218318119246
2024-07-28 09:06:45,-0.40765777552866744
2024-07-28 09:06:46,0.5471133558387635
2024-07-28 09:06:47,0.047661419653556636
2024-07-28 09:06:48,-0.6220035458666275
2024-07-28 09:06:49,-0.042505986790832256
2024-07-28 09:06:50,0.20719812284120648
2024-07-28 09:06:51,0.6148510584719463
2024-07-28 09:06:52,-0.5255422458123958
2024-07-28 09:06:53,-0.2755248270029279
2024-07-28 09:06:54,1.3440012534693937
2024-07-28 09:06:55,-0.4699334604535458
2024-07-28 09:06:56,-0.09245359269318276
2024-07-28 09:06:57,1.7858360404455098
2024-07-28 09:06:58,0.05229164013301868
2024-07-28 09:06:59,0.8959240496654539
2024-07-28 09:07:00,-1.686695148227362
2024-07-28 09:07:01,-0.2845855747567707
2024-07-28 09:07:02,-0.07212666981511262
2024-07-28 09:07:03,-2.0933428141048274
2024-07-28 09:07:04,-0.28640230430116037
2024-07-28 09:07:05,1.3853292967005713
2024-07-28 09:07:06,1.5461189156010473
2024-07-28 09:07:07,1.5052347487524336
2024-07-28 09:07:08,0.6482763601891818
2024-07-28 09:07:09,-2.1078305061190643
2024-07-28 09:07:10,-0.7014008695640056
2024-07-28 09:07:11,0.6368783236413309
2024-07-28 09:07:12,-0.432017317479102
2024-07-28 09:07:13,0.5083260901046869
2024-07-28 09:07:14,-1.979877478060978
2024-07-28 09:07:15,-1.9355082729230713
2024-07-28 09:07:16,0.913603160035714
2024-07-28 09:07:17,-1.6319467665883292
2024-07-28 09:07:18,-1.137769026322225
2024-07-28 09:07:19,1.2949048736257085
2024-07-28 09:07:20,-0.24324201598036654
2024-07-28 09:07:21,-1.107870285453465
2024-07-28 09:07:22,-1.687522244331301
2024-07-28 09:07:23,-2.8734643883575126
2024-07-28 09:07:24,-0.881057527364745
2024-07-28 09:07:25,2.3431121130854216
2024-07-28 09:07:26,-0.5097806037118016
2024-07-28 09:07:27,-1.4061809347970529
2024-07-28 09:07:28,-1.5339001864069797
2024-07-28 09:07:29,-0.43706809020273635
2024-07-28 09:07:30,1.5911633071999831
2024-07-28 09:07:31,-2.0838655364629943
2024-07-28 09:07:32,-2.901542214825186
2024-07-28 09:07:33,-0.02853205164789529
2024-07-28 09:07:34,2.6217134974943765
2024-07-28 09:07:35,0.24835358920789785
2024-07-28 09:07:36,-1.788474532100347
2024-07-28 09:07:37,-0.3596748603034099
2024-07-28 09:07:38,0.6849738400645606
2024-07-28 09:07:39,0.013185504849917928
2024-07-28 09:07:40,-1.8019014178135175
2024-07-28 09:07:41,-1.5843484179907943
2024-07-28 09:07:42,-0.8258302223019582
2024-07-28 09:07:43,-2.122591998465051
2024-07-28 09:07:44,0.834784217871869
2024-07-28 09:07:45,-0.1375634768444225
2024-07-28 09:07:46,-1.6665483735075948
2024-07-28 09:07:47,0.9967487905390152
2024-07-28 09:07:48,-0.8620400644052406
2024-07-28 09:07:49,-0.48353296732735834
2024-07-28 09:07:50,2.6331712604924142
2024-07-28 09:07:51,2.803986494408149
2024-07-28 09:07:52,1.294755511022807
2024-07-28 09:07:53,-0.043240229419327376
2024-07-28 09:07:54,-1.0476111861902755
2024-07-28 09:07:55,0.5473519277950429
2024-07-28 09:07:56,0.4772751642602716
2024-07-28 09:07:57,-0.2591233567872101
2024-07-28 09:07:58,-1.365491500329023
2024-07-28 09:07:59,-0.3344485052454321
2024-07-28 09:08:00,0.6033696863315745
2024-07-28 09:08:01,-0.31733381306679265
2024-07-28 09:08:02,-0.1930425609748976
2024-07-28 09:08:03,-0.05759102391875391
2024-07-28 09:08:04,-0.7203618470234445
2024-07-28 09:08:05,-1.3491734582268324
2024-07-28 09:08:06,-0.3768147224650384
2024-07-28 09:08:07,0.2068775054635147
2024-07-28 09:08:08,0.6337533308756352
2024-07-28 09:08:09,3.1504441946234456
2024-07-28 09:08:10,0.4232325165636647
2024-07-28 09:08:11,-1.5694857794337553
2024-07-28 09:08:12,1.0884633513567605
2024-07-28 09:08:13,0.38324483332643045
2024-07-28 09:08:14,-1.0101504336633842
2024-07-28 09:08:15,-0.9949562984954876
2024-07-28 09:08:16,2.048234696642293
2024-07-28 09:08:17,2.7079615919555255
2024-07-28 09:08:18,-0.019373133878400808
2024-07-28 09:08:19,-0.2969791013018981
2024-07-28 09:08:20,2.185010549545172
2024-07-28 09:08:21,1.0545123433247114
2024-07-28 09:08:22,-1.336886015107868
2024-07-28 09:08:23,0.22689710309167765
2024-07-28 09:08:24,-0.035269125024669834
2024-07-28 09:08:25,0.3388187923934899
2024-07-28 09:08:26,0.242102101063012
2024-07-28 09:08:27,-1.4586925661986627
2024-07-28 09:08:28,-0.7556595987711647
2024-07-28 09:08:29,-1.2285327506730748
2024-07-28 09:08:30,-2.3154029522497144
2024-07-28 09:08:31,0.5797297972246026
2024-07-28 09:08:32,1.4332933759135327
2024-07-28 09:08:33,-1.6981010849331752
2024-07-28 09:08:34,-1.6693458513673387
2024-07-28 09:08:35,-0.7611454570383751
2024-07-28 09:08:36,-1.072103378795923
2024-07-28 09:08:37,2.0338237030670987
2024-07-28 09:08:38,1.6060193157876772
2024-07-28 09:08:39,0.06089118122911874
2024-07-28 09:08:40,1.730106855312616
2024-07-28 09:08:41,0.5726034953932636
2024-07-28 09:08:42,-1.6159044617891745
2024-07-28 09:08:43,1.1029794578202767
2024-07-28 09:08:44,0.9743327275174698
2024-07-28 09:08:45,1.0719296558408686
2024-07-28 09:08:46,0.9182573226307957
2024-07-28 09:08:47,-1.1292347515234944
2024-07-28 09:08:48,-0.03229187271968481
2024-07-28 09:08:49,-0.9074426234882857
2024-07-28 09:08:50,-1.2593840392868967
2024-07-28 09:08:51,1.1794619035357274
2024-07-28 09:08:52,0.3166612048689343
2024-07-28 09:08:53,-0.49881706828759975
2024-07-28 09:08:54,0.15025033700745227
2024-07-28 09:08:55,0.7589244049770865
2024-07-28 09:08:56,0.560341227729191
2024-07-28 09:08:57,1.1688005557219987
2024-07-28 09:08:58,1.5152888142845844
2024-07-28 09:08:59,0.3393948344557978
2024-07-28 09:09:00,-0.20825939121606313
2024-07-28 09:09:01,1.5513436320602016
2024-07-28 09:09:02,0.9548913935557788
2024-07-28 09:09:03,0.3320010152280039
2024-07-28 09:09:04,1.2620433283419037
2024-07-28 09:09:05,1.172126571700112
2024-07-28 09:09:06,0.1314630426877837
2024-07-28 09:09:07,0.9952020052829537
2024-07-28 09:09:08,1.1364734280038684
2024-07-28 09:09:09,-0.05825694310138138
2024-07-28 09:09:10,-0.7361132091096382
2024-07-28 09:09:11,-0.06656233637191811
2024-07-28 09:09:12,-1.461201979073481
2024-07-28 09:09:13,-0.7188758769206978
2024-07-28 09:09:14,0.819860569017026
2024-07-28 09:09:15,1.0638442611315695
2024-07-28 09:09:16,-0.118067799850954
2024-07-28 09:09:17,-0.5186127869494783
2024-07-28 09:09:18,0.02644518282246236
2024-07-28 09:09:19,-0.13175846703745667
2024-07-28 09:09:20,1.2250205805659427
2024-07-28 09:09:21,0.5017788752992929
2024-07-28 09:09:22,-0.4765880013072662
2024-07-28 09:09:23,-0.4905164584919184
2024-07-28 09:09:24,0.1780909347780532
2024-07-28 09:09:25,0.03642886178035343
2024-07-28 09:09:26,0.343624824189827
2024-07-28 09:09:27,-0.532100303657405
2024-07-28 09:09:28,-0.3857969346977674
2024-07-28 09:09:29,0.9467937761948028
2024-07-28 09:09:30,1.352294740974246
2024-07-28 09:09:31,0.2355806951079762
2024-07-28 09:09:32,-0.957939445283203
2024-07-28 09:09:33,-0.3977227521678238
2024-07-28 09:09:34,1.7608373991749278
2024-07-28 09:09:35,0.6167191631504743
2024-07-28 09:09:36,0.5776944111954946
2024-07-28 09:09:37,-0.669294916635335
2024-07-28 09:09:38,-0.657216685147002
2024-07-28 09:09:39,-0.690241646287803
2024-07-28 09:09:40,-1.8802621795618402
2024-07-28 09:09:41,-0.6040281586980778
2024-07-28 09:09:42,0.4924146544692223
2024-07-28 09:09:43,0.31526065748788357
2024-07-28 09:09:44,0.8009531713087257
2024-07-28 09:09:45,0.7876932953035849
2024-07-28 09:09:46,-0.7763130432271128
2024-07-28 09:09:47,-0.36358928917818933
2024-07-28 09:09:48,1.4659230732809854
2024-07-28 09:09:49,-0.10611169390701858
2024-07-28 09:09:50,0.4129477200722891
2024-07-28 09:09:51,0.1274475584272874
2024-07-28 09:09:52,-0.015715447034621355
2024-07-28 09:09:53,0.13354854902405455
2024-07-28 09:09:54,-0.4197201484648849
2024-07-28 09:09:55,-2.787926723578825
2024-07-28 09:09:56,0.13818760153021858
2024-07-28 09:09:57,1.796596645407471
2024-07-28 09:09:58,0.4445491429086562
2024-07-28 09:09:59,0.1307319335515148
2024-07-28 09:10:00,-0.4552981408270711
2024-07-28 09:10:01,-0.1179097563043399
2024-07-28 09:10:02,-1.1943401383602135
2024-07-28 09:10:03,-1.71321457584527
2024-07-28 09:10:04,0.900771919909483
2024-07-28 09:10:05,0.2569931112655869
2024-07-28 09:10:06,0.04853769848191869
2024-07-28 09:10:07,1.4056743318836358
2024-07-28 09:10:08,-1.0561896087235163
2024-07-28 09:10:09,-1.072501569139153
2024-07-28 09:10:10,0.5381242074477088
2024-07-28 09:10:11,-0.539530814292728
2024-07-28 09:10:12,-0.11476643912965345
2024-07-28 09:10:13,0.29695042652008274
2024-07-28 09:10:14,-0.28965405910797065
2024-07-28 09:10:15,2.2267812253438697
2024-07-28 09:10:16,-0.8372786237827445
2024-07-28 09:10:17,-3.2653093521037944
2024-07-28 09:10:18,-0.720814655770232
2024-07-28 09:10:19,-0.8623804344309145
2024-07-28 09:10:20,-1.0486175395532478
2024-07-28 09:10:21,1.3238075289665463
2024-07-28 09:10:22,0.29794315322567155
2024-07-28 09:10:23,-1.6637526154092446
2024-07-28 09:10:24,-1.135003901636947
2024-07-28 09:10:25,0.8372508736986921
2024-07-28 09:10:26,2.737504748883538
2024-07-28 09:10:27,0.8665103424190034
2024-07-28 09:10:28,-1.7273440784990046
2024-07-28 09:10:29,-0.046520444679254314
2024-07-28 09:10:30,-0.9845350292303887
2024-07-28 09:10:31,0.4769411448946179
2024-07-28 09:10:32,1.7490756166522794
2024-07-28 09:10:33,0.04268004871466763
2024-07-28 09:10:34,2.4670438816065783
2024-07-28 09:10:35,0.9316411527362488
2024-07-28 09:10:36,-0.9534736436914883
2024-07-28 09:10:37,-1.6569475891603367
2024-07-28 09:10:38,-3.251271888347674
2024-07-28 09:10:39,-1.5235375022867825
2024-07-28 09:10:40,-0.8320760176981696
2024-07-28 09:10:41,0.15770462319396195
2024-07-28 09:10:42,2.869519362657344
2024-07-28 09:10:43,-0.13645721021435164
2024-07-28 09:10:44,-2.1113761274967002
2024-07-28 09:10:45,-0.5094153946369873
2024-07-28 09:10:46,-0.10558309245832176
2024-07-28 09:10:47,-0.29208995420179384
2024-07-28 09:10:48,-1.7688395763666402
2024-07-28 09:10:49,-1.645818634434577
2024-07-28 09:10:50,-1.1817234770729828
2024-07-28 09:10:51,-1.9972690054455124
2024-07-28 09:10:52,-0.9835329964362549
2024-07-28 09:10:53,1.4632990309586447
2024-07-28 09:10:54,0.7798952010749703
2024-07-28 09:10:55,-0.7789274279041045
2024-07-28 09:10:56,-0.4395466005294629
2024-07-28 09:10:57,1.3362214433569064
2024-07-28 09:10:58,-0.47250373815486024
2024-07-28 09:10:59,0.29787996191383215
2024-07-28 09:11:00,1.3588800773990184
2024-07-28 09:11:01,-0.45883996485112877
2024-07-28 09:11:02,-1.3078503980392922
2024-07-28 09:11:03,-0.1702692971951753
2024-07-28 09:11:04,0.8585056881522323
2024-07-28 09:11:05,-0.2558006015971242
2024-07-28 09:11:06,-0.933099317813082
2024-07-28 09:11:07,-1.6967189515636696
2024-07-28 09:11:08,-1.0452599738832515
2024-07-28 09:11:09,-1.1591165004416388
2024-07-28 09:11:10,-1.2398794849095096
2024-07-28 09:11:11,-0.07404598432989576
2024-07-28 09:11:12,1.7714005103136428
2024-07-28 09:11:13,0.20045485699096544
2024-07-28 09:11:14,0.13748963822428195
2024-07-28 09:11:15,1.493448991059025
2024-07-28 09:11:16,-0.5391505930781867
2024-07-28 09:11:17,-0.2369378113860951
2024-07-28 09:11:18,1.7738536317031994
2024-07-28 09:11:19,1.0308909249729181
2024-07-28 09:11:20,2.4846117264633163
2024-07-28 09:11:21,-0.07834851167491363
2024-07-28 09:11:22,-2.3159980324580145
2024-07-28 09:11:23,-0.3904695489317396
2024-07-28 09:11:24,0.7660954834422414
2024-07-28 09:11:25,-0.14655152621383954
2024-07-28 09:11:26,-1.2913066896308343
2024-07-28 09:11:27,0.17970206931754265
2024-07-28 09:11:28,1.4172212301672655
2024-07-28 09:11:29,-0.5316588281031809
2024-07-28 09:11:30,0.9426344461674371
2024-07-28 09:11:31,3.0779625448152044
2024-07-28 09:11:32,0.18843122610158164
2024-07-28 09:11:33,-0.05923656211002526
2024-07-28 09:11:34,-0.005610250751031276
2024-07-28 09:11:35,0.15098948498326192
2024-07-28 09:11:36,1.2894610456394275
2024-07-28 09:11:37,0.7226434859193799
2024-07-28 09:11:38,-0.48790822413755647
2024-07-28 09:11:39,-0.9562319739568774
2024-07-28 09:11:40,0.7540764354360162
2024-07-28 09:11:41,-0.06957160908245408
2024-07-28 09:11:42,0.3176682800469607
2024-07-28 09:11:43,1.582647907340627
2024-07-28 09:11:44,0.9385342507629301
2024-07-28 09:11:45,-0.4752552927653642
2024-07-28 09:11:46,-0.5077858055900966
2024-07-28 09:11:47,-0.13226245907452228
2024-07-28 09:11:48,-0.547929277172387
2024-07-28 09:11:49,0.11105316620306499
2024-07-28 09:11:50,1.5341961654853211
2024-07-28 09:11:51,-1.581046233825614
2024-07-28 09:11:52,-2.145158991087166
2024-07-28 09:11:53,-0.5339605531304683
2024-07-28 09:11:54,0.4905917879631344
2024-07-28 09:11:55,0.16499355016566503
2024-07-28 09:11:56,-0.23330292602693622
2024-07-28 09:11:57,-0.23695030972254488
2024-07-28 09:11:58,0.011633131678438657
2024-07-28 09:11:59,-1.210911756644808
2024-07-28 09:12:00,0.546675350292199
2024-07-28 09:12:01,1.7350254347807756
2024-07-28 09:12:02,-0.007806364330520274
2024-07-28 09:12:03,-0.8003244448079745
2024-07-28 09:12:04,-1.6535182597090965
2024-07-28 09:12:05,0.9538082485992924
2024-07-28 09:12:06,0.8562203623563205
2024-07-28 09:12:07,-1.8852281216272377
2024-07-28 09:12:08,-1.2777152954844038
2024-07-28 09:12:09,1.9054803272548546
2024-07-28 09:12:10,2.1880931388456153
2024-07-28 09:12:11,0.7355393846641526
2024-07-28 09:12:12,0.8959759343014011
2024-07-28 09:12:13,0.3507658011919835
2024-07-28 09:12:14,1.478447159407981
2024-07-28 09:12:15,-0.5749347145638422
2024-07-28 09:12:16,-0.4218131559785002
2024-07-28 09:12:17,0.3094393006332867
2024-07-28 09:12:18,0.7892389793522385
2024-07-28 09:12:19,1.0941147423122457
2024-07-28 09:12:20,-2.535702726306041
2024-07-28 09:12:21,-0.5798120792490237
2024-07-28 09:12:22,0.6707844562475246
2024-07-28 09:12:23,-0.03842478245332892
2024-07-28 09:12:24,1.5502191534794145
2024-07-28 09:12:25,1.8238224672701417
2024-07-28 09:12:26,1.6079199042355
2024-07-28 09:12:27,1.4115474592070716
2024-07-28 09:12:28,-0.412320943187911
2024-07-28 09:12:29,-0.4420339580710382
2024-07-28 09:12:30,-2.0976307858858028
2024-07-28 09:12:31,-0.8929313270717795
2024-07-28 09:12:32,-0.17811820059840677
2024-07-28 09:12:33,-0.3937045457340933
2024-07-28 09:12:34,-1.1753153994107919
2024-07-28 09:12:35,-1.534939656605951
2024-07-28 09:12:36,1.886596337889209
2024-07-28 09:12:37,1.143666962292085
2024-07-28 09:12:38,-0.7033413537620612
2024-07-28 09:12:39,-1.807413418514199
2024-07-28 09:12:40,0.1081517663113688
2024-07-28 09:12:41,0.9425002470892241
2024-07-28 09:12:42,-0.7546870678463127
2024-07-28 09:12:43,0.3053899716134638
2024-07-28 09:12:44,-0.12128158224691543
2024-07-28 09:12:45,-0.053873375576191096
2024-07-28 09:12:46,1.701362132834627
2024-07-28 09:12:47,-0.5670318226194506
2024-07-28 09:12:48,-0.1770125050159197
2024-07-28 09:12:49,2.778126507050213
2024-07-28 09:12:50,0.9854239740055931
2024-07-28 09:12:51,-0.6296424882460716
2024-07-28 09:12:52,-0.6606679056464363
2024-07-28 09:12:53,0.5555283348950448
2024-07-28 09:12:54,1.690409387472616
2024-07-28 09:12:55,2.3089227586019425
2024-07-28 09:12:56,1.7723869805833838
2024-07-28 09:12:57,0.3602151824731684
2024-07-28 09:12:58,1.0202055783524748
2024-07-28 09:12:59,1.0019159092883252
2024-07-28 09:13:00,0.21687011590871846
2024-07-28 09:13:01,-0.3546808344071375
2024-07-28 09:13:02,-0.08577720716382253
2024-07-28 09:13:03,2.4848449799879946
2024-07-28 09:13:04,0.934499609152468
2024-07-28 09:13:05,-1.4848595487311127
2024-07-28 09:13:06,0.6118523066916195
2024-07-28 09:13:07,-0.8179819217760571
2024-07-28 09:13:08,0.5923768025266354
2024-07-28 09:13:09,2.2263094256130085
2024-07-28 09:13:10,0.8086142269071332
2024-07-28 09:13:11,-1.2680620644224263
2024-07-28 09:13:12,-2.89569597204086
2024-07-28 09:13:13,-0.3555814042085599
2024-07-28 09:13:14,1.90543880503128
2024-07-28 09:13:15,0.616151253658796
2024-07-28 09:13:16,-1.5789315879225205
2024-07-28 09:13:17,1.1713778027444082
2024-07-28 09:13:18,0.9630440570581338
2024-07-28 09:13:19,-0.7818431718119071
2024-07-28 09:13:20,-2.5001780606608595
2024-07-28 09:13:21,-2.7255439978680926
2024-07-28 09:13:22,-0.5037417399931945
2024-07-28 09:13:23,0.19616592379865364
2024-07-28 09:13:24,-1.1216486117312359
2024-07-28 09:13:25,1.0826774590826398
2024-07-28 09:13:26,0.10094883918298092
2024-07-28 09:13:27,-1.462640926507549
2024-07-28 09:13:28,-0.6420916293433818
2024-07-28 09:13:29,0.04974437317798319
2024-07-28 09:13:30,0.04490472588958594
2024-07-28 09:13:31,-0.9279275411152096
2024-07-28 09:13:32,-1.591789646566963
2024-07-28 09:13:33,-0.6278660455448593
2024-07-28 09:13:34,1.2905337820727452
2024-07-28 09:13:35,0.7007759770388331
2024-07-28 09:13:36,-1.4764022463645832
2024-07-28 09:13:37,-1.1985305257235797
2024-07-28 09:13:38,0.8336184616759248
2024-07-28 09:13:39,-0.04526613279213787
2024-07-28 09:13:40,-1.7488475226325764
2024-07-28 09:13:41,-0.9947863368007497
2024-07-28 09:13:42,0.4989878073098686
2024-07-28 09:13:43,0.8337537927684304
2024-07-28 09:13:44,0.6892824609860877
2024-07-28 09:13:45,-0.8133825968299984
2024-07-28 09:13:46,0.051074269203049916
2024-07-28 09:13:47,2.183670485548046
2024-07-28 09:13:48,0.5855430686458236
2024-07-28 09:13:49,1.0059550760930012
2024-07-28 09:13:50,0.2227988536424963
2024-07-28 09:13:51,-1.4890598052247075
2024-07-28 09:13:52,0.6113608887084775
2024-07-28 09:13:53,1.095924986983316
2024-07-28 09:13:54,0.1050206983223739
2024-07-28 09:13:55,-0.7774196369874471
2024-07-28 09:13:56,1.5726362344184763
2024-07-28 09:13:57,2.1719344753918843
2024-07-28 09:13:58,-0.14037713164161444
2024-07-28 09:13:59,-0.3862487138413886
2024-07-28 09:14:00,-0.32519273462744
2024-07-28 09:14:01,1.2362984698763884
2024-07-28 09:14:02,-0.5582669102351049
2024-07-28 09:14:03,-2.440933670713522
2024-07-28 09:14:04,-0.646074685860669
2024-07-28 09:14:05,-0.3402299171904677
2024-07-28 09:14:06,0.3283214482724312
2024-07-28 09:14:07,-0.3255937864042815
2024-07-28 09:14:08,1.377236342758323
2024-07-28 09:14:09,1.1273041943887805
2024-07-28 09:14:10,0.4535907686756443
2024-07-28 09:14:11,0.5536755478489713
2024-07-28 09:14:12,0.4848168538927404
2024-07-28 09:14:13,-0.05808119931972211
2024-07-28 09:14:14,-1.1109927276611054
2024-07-28 09:14:15,-1.6755951835057905
2024-07-28 09:14:16,-1.1766199992709656
2024-07-28 09:14:17,-0.8224573256660352
2024-07-28 09:14:18,-1.7696504819063312
2024-07-28 09:14:19,-1.704395526980686
2024-07-28 09:14:20,0.33168129502609567
2024-07-28 09:14:21,0.761263402925275
2024-07-28 09:14:22,-0.7380915601320002
2024-07-28 09:14:23,-0.37673260307542783
2024-07-28 09:14:24,-0.3688518813744517
2024-07-28 09:14:25,-1.4839990517891846
2024-07-28 09:14:26,-0.5168977182566828
2024-07-28 09:14:27,1.0368114198369682
2024-07-28 09:14:28,-1.1924958404474513
2024-07-28 09:14:29,-0.8677088707629736
2024-07-28 09:14:30,0.7867247977149806
2024-07-28 09:14:31,-1.5376602736027005
2024-07-28 09:14:32,1.4845964097779758
2024-07-28 09:14:33,1.5913580946857575
2024-07-28 09:14:34,-1.0748049831450033
2024-07-28 09:14:35,-0.1493618562440527
2024-07-28 09:14:36,-0.43533354554326054
2024-07-28 09:14:37,1.1213458360145323
2024-07-28 09:14:38,1.5895581203696478
2024-07-28 09:14:39,-0.24438684052259277
2024-07-28 09:14:40,0.44392821315218073
2024-07-28 09:14:41,-0.15722167028420742
2024-07-28 09:14:42,-1.341429572395533
2024-07-28 09:14:43,-0.10089767739407228
2024-07-28 09:14:44,2.0152871061625772
2024-07-28 09:14:45,1.7964645688308374
2024-07-28 09:14:46,1.544317907382033
2024-07-28 09:14:47,1.3332672531698695
2024-07-28 09:14:48,0.4327522396006924
2024-07-28 09:14:49,0.10259316043522648
2024-07-28 09:14:50,-0.6176202410087652
2024-07-28 09:14:51,-0.8220038390860174
2024-07-28 09:14:52,-0.02119757231565457
2024-07-28 09:14:53,1.3876047122045654
2024-07-28 09:14:54,-0.1630075524387643
2024-07-28 09:14:55,-0.6294627148926185
2024-07-28 09:14:56,-0.48296291563176935
2024-07-28 09:14:57,-0.9108116794878192
2024-07-28 09:14:58,0.12935165092449366
2024-07-28 09:14:59,-0.15924527124562243
2024-07-28 09:15:00,-2.23342806646847
2024-07-28 09:15:01,-0.3794671751156132
2024-07-28 09:15:02,-0.1213059775644193
2024-07-28 09:15:03,-0.6867025677008347
2024-07-28 09:15:04,1.3930742703830985
2024-07-28 09:15:05,1.812229612109614
2024-07-28 09:15:06,0.953157282183364
2024-07-28 09:15:07,-0.34127166464145353
2024-07-28 09:15:08,-1.427009120479741
2024-07-28 09:15:09,-1.166102241302203
2024-07-28 09:15:10,-0.5649557682751809
2024-07-28 09:15:11,0.7718093348019616
2024-07-28 09:15:12,0.10713954443565954
2024-07-28 09:15:13,0.4094250300161456
2024-07-28 09:15:14,-1.135092758365451
2024-07-28 09:15:15,0.6199249811543714
2024-07-28 09:15:16,1.7577912618263465
2024-07-28 09:15:17,-1.2097737198653462
2024-07-28 09:15:18,0.14201169370987365
2024-07-28 09:15:19,-0.16874714196897878
2024-07-28 09:15:20,-0.544310103459845
2024-07-28 09:15:21,0.1701783955418778
2024-07-28 09:15:22,0.49953740509014916
2024-07-28 09:15:23,-0.47208255693435347
2024-07-28 09:15:24,-0.2292732070791922
2024-07-28 09:15:25,0.6653526880088784
2024-07-28 09:15:26,-0.9080878692478711
2024-07-28 09:15:27,-0.4978738948446379
2024-07-28 09:15:28,1.3091562808616655
2024-07-28 09:15:29,0.032306037449924274
2024-07-28 09:15:30,0.1808630389357253
2024-07-28 09:15:31,2.078566389283728
2024-07-28 09:15:32,-0.6820606103931293
2024-07-28 09:15:33,-0.3556850608143781
2024-07-28 09:15:34,0.8121889787858328
2024-07-28 09:15:35,-0.8178359128291443
2024-07-28 09:15:36,1.7533031022107488
2024-07-28 09:15:37,1.8984282261482286
2024-07-28 09:15:38,0.14129915032955725
2024-07-28 09:15:39,0.7093448508551565
2024-07-28 09:15:40,1.070605173586007
2024-07-28 09:15:41,0.698226315214737
2024-07-28 09:15:42,0.5470300888583167
2024-07-28 09:15:43,0.11209612191974971
2024-07-28 09:15:44,-0.039058771464452746
2024-07-28 09:15:45,0.033110066522364576
2024-07-28 09:15:46,-0.3389828834058415
2024-07-28 09:15:47,-0.07211817285027303
2024-07-28 09:15:48,0.5150134016072803
2024-07-28 09:15:49,-0.9776007693994286
2024-07-28 09:15:50,-0.9059204450952567
2024-07-28 09:15:51,-0.325866427086454
2024-07-28 09:15:52,0.1745671937505302
2024-07-28 09:15:53,1.2018304993132358
2024-07-28 09:15:54,0.6863068465550208
2024-07-28 09:15:55,2.3941633833429945
2024-07-28 09:15:56,1.6221650372337644
2024-07-28 09:15:57,-0.06262866993173138
2024-07-28 09:15:58,1.2478415394779556
2024-07-28 09:15:59,0.1013765875240763
2024-07-28 09:16:00,-1.6152888619021533
2024-07-28 09:16:01,-1.775092294503561
2024-07-28 09:16:02,-0.8275907821956858
2024-07-28 09:16:03,-0.5126738096713492
2024-07-28 09:16:04,-0.9480312965548628
2024-07-28 09:16:05,-0.5736745801963467
2024-07-28 09:16:06,-0.07469871685018423
2024-07-28 09:16:07,-0.05694092571874233
2024-07-28 09:16:08,0.10385015712573557
2024-07-28 09:16:09,1.4255227259146184
2024-07-28 09:16:10,1.3673578269341973
2024-07-28 09:16:11,0.009191625948464049
2024-07-28 09:16:12,-1.7276965584134445
2024-07-28 09:16:13,-0.9687352767361385
2024-07-28 09:16:14,3.119779919709278
2024-07-28 09:16:15,0.7364310331938483
2024-07-28 09:16:16,-1.9805464966039872
2024-07-28 09:16:17,-1.3674011567910276
2024-07-28 09:16:18,-0.35503314585320833
2024-07-28 09:16:19,-0.9035867410977947
2024-07-28 09:16:20,-0.7275791676688814
2024-07-28 09:16:21,1.2506621459775578
2024-07-28 09:16:22,0.3752283879621974
2024-07-28 09:16:23,-1.0102380361126273
2024-07-28 09:16:24,-1.5691906098129194
2024-07-28 09:16:25,-0.4337015906987278
2024-07-28 09:16:26,1.3179490231310915
2024-07-28 09:16:27,-0.006346068112756731
2024-07-28 09:16:28,1.7327550280371198
2024-07-28 09:16:29,2.0838887035184914
2024-07-28 09:16:30,-0.3265264313976006
2024-07-28 09:16:31,-2.135793778743366
2024-07-28 09:16:32,-1.2420655846197584
2024-07-28 09:16:33,-2.077092128019525
2024-07-28 09:16:34,-0.31881752162902477
2024-07-28 09:16:35,2.7101177716347515
2024-07-28 09:16:36,0.3740344172774618
2024-07-28 09:16:37,0.24333088573621586
2024-07-28 09:16:38,0.3675296698766534
2024-07-28 09:16:39,-1.5591992911791233
